"location_id","observed_at","state","water_level","sensor"
"EX72","2021-10-20 13:52:04","no_flow",23.0854815282498,"X4"
"EX3","2021-09-07 08:13:29","no_flow",13.859676012873,"X1"
"EX10","2021-08-06 10:29:40","no_flow",NA,"X6"
"X4","2021-09-21 12:17:56","flow",10.2532247659529,"X8"
"EX2","2021-08-18 06:29:00","no_flow",NA,"X6"
"X6","2021-09-03 08:40:42","flow",1.93951593220991,"X6"
"EX36","2021-10-13 12:19:21","flow",NA,"X5"
"X1","2021-08-12 11:54:12","flow",4.58669308292883,"X7"
"X6","2021-09-18 12:15:46","flow",3.45967706826632,"X3"
"EX12","2021-10-20 13:29:01","no_flow",5.32580591114936,"X7"
"EX57","2021-06-02 13:32:08","no_flow",14.2004017847477,"X1"
"EX48","2021-10-13 11:44:21","flow",NA,"X5"
"EX50","2021-09-07 10:23:12","flow",NA,"X5"
"EX30","2021-08-26 11:14:47","flow",12.5544342098452,"X2"
"EX73","2021-09-07 11:02:03","no_flow",3.0036287274494,"X3"
"EX17","2021-07-23 07:24:39","no_flow",24.1233846487297,"X4"
"X7","2021-09-21 10:10:13","wt",10.2532247659529,"X8"
"EX43","2021-07-23 08:38:17","no_flow",14.4887082071032,"X1"
"X10","2021-09-28 08:29:42","no_flow",2.97217711773788,"X3"
"EX46","2021-09-07 10:09:52","no_flow",11.8834665359996,"X2"
"EX72","2021-10-20 13:52:04","no_flow",9.5770151571554,"X8"
"X6","2021-08-06 10:57:20","flow",2.22782235456543,"X3"
"EX12","2021-09-15 11:17:59","no_flow",22.6556428621925,"X4"
"EX10","2021-09-07 08:19:38","no_flow",1.740322404037,"X6"
"X15","2021-09-01 12:17:54","wt",10.7931440660005,"X8"
"EX19","2021-10-13 10:19:58","flow",NA,"X5"
"EX24","2021-09-07 08:37:47","no_flow",2.9774190526898,"X3"
"EX40","2021-07-23 08:33:17","no_flow",24.0499975594028,"X4"
"EX9","2021-10-13 09:51:40","no_flow",NA,"X5"
"X7","2021-09-07 08:35:24","no_flow",1.75604820889275,"X6"
"EX3","2021-07-23 07:18:23","no_flow",1.75604820889275,"X3"
"EX15","2021-08-10 09:12:33","no_flow",1.64072563995054,"X3"
"X8","2021-09-28 09:26:29","no_flow",9.30967647460755,"X8"
"EX65","2021-07-23 08:43:00","no_flow",1.7141127292774,"X3"
"EX63","2021-08-26 12:49:36","flow",NA,"X3"
"EX9","2021-10-13 09:51:40","no_flow",16.370562854842,"X2"
"EX53","2021-10-20 13:41:21","no_flow",11.7104826825863,"X2"
"X2","2021-07-23 08:43:40","no_flow",14.4887082071032,"X1"
"EX21","2021-09-21 10:02:41","no_flow",NA,"X5"
"EX13","2021-08-06 10:18:07","no_flow",NA,"X4"
"X1","2021-09-13 11:52:50","flow",NA,"X5"
"EX25","2021-08-06 10:57:12","flow",14.1951598497957,"X2"
"EX18","2021-08-18 07:12:28","flow",NA,"X6"
"X7","2021-07-23 07:36:32","no_flow",24.0919330390182,"X4"
"EX4","2021-09-28 09:21:51","no_flow",22.7709654311347,"X4"
"X4","2021-09-21 12:17:56","flow",2.29596750894038,"X6"
"EX47","2021-09-07 10:35:40","wt",23.074997658346,"X4"
"X10","2021-09-28 08:29:42","no_flow",9.32016034451139,"X8"
"EX9","2021-08-26 09:10:04","no_flow",12.5544342098452,"X2"
"EX70","2021-09-07 11:34:52","no_flow",3.44395126341056,"X7"
"EX14","2021-06-02 11:34:18","no_flow",14.0431437361901,"X2"
"EX53","2021-09-15 12:50:24","no_flow",9.27298292994412,"X8"
"EX71","2021-08-10 11:56:33","no_flow",10.6516118222987,"X8"
"EX20","2021-06-02 12:12:56","no_flow",NA,"X5"
"EX41","2021-09-15 12:16:08","no_flow",9.28346679984796,"X8"
"EX5","2021-09-07 08:10:45","no_flow",3.03508033716091,"X3"
"X1","2021-07-20 12:41:36","flow",11.2282246670098,"X8"
"X9","2021-07-28 09:34:24","flow",15.9407241887847,"X8"
"EX25","2021-08-26 10:37:53","flow",NA,"X5"
"EX25","2021-07-23 07:55:24","wt",24.0762072341624,"X4"
"EX51","2021-06-11 11:34:29","wt",NA,"X6"
"EX42","2021-10-13 12:09:38","wt",26.6762069703141,"X4"
"EX52","2021-08-06 11:04:01","wt",12.3866922913838,"X8"
"EX9","2021-10-13 09:51:40","no_flow",5.69274135778367,"X3"
"EX73","2021-08-10 11:02:59","no_flow",10.7459666514333,"X8"
"X13","2021-10-13 13:11:47","flow",3.45967706826632,"X6"
"EX15","2021-08-10 09:12:33","no_flow",26.2044328246414,"X4"
"EX68","2021-09-03 09:43:06","flow",1.92379012735415,"X6"
"EX52","2021-10-12 12:40:35","no_flow",14.6616920605165,"X1"
"X8","2021-10-12 12:21:50","wt",NA,"X5"
"EX65","2021-10-12 13:14:02","no_flow",3.0612900119205,"X3"
"EX6","2021-08-10 09:07:45","no_flow",10.8036279359044,"X8"
"X3","2021-08-26 12:00:11","flow",15.8673370994578,"X1"
"EX14","2021-10-22 08:02:12","no_flow",17.3874982355142,"X1"
"X13","2021-07-20 10:21:17","flow",17.9641110802253,"X1"
"EX66","2021-06-11 10:47:51","flow",NA,"X5"
"EX47","2021-09-07 10:35:40","wt",1.77701594870043,"X6"
"EX41","2021-08-10 11:13:38","flow",4.99032207422657,"X7"
"X14","2021-07-20 12:30:52","flow",27.2108843354098,"X4"
"EX61","2021-10-12 12:51:39","no_flow",23.3737879506053,"X4"
"X15","2021-08-26 12:21:11","wt",12.5754019496529,"X2"
"X10","2021-10-13 12:35:58","flow",26.5661263363238,"X4"
"X2","2021-09-28 10:10:39","no_flow",5.22620914706291,"X7"
"EX37","2021-10-12 13:20:00","no_flow",12.2346761777782,"X2"
"EX57","2021-10-13 10:38:50","flow",31.2891097280025,"X1"
"X7","2021-10-15 11:31:32","flow",10.2322570261452,"X8"
"EX26","2021-08-06 11:03:53","flow",NA,"X6"
"EX9","2021-10-22 08:14:00","no_flow",24.3749975264218,"X4"
"EX5","2021-06-02 10:50:16","no_flow",NA,"X5"
"EX52","2021-10-22 09:21:32","no_flow",NA,"X5"
"X14","2021-07-23 09:02:32","flow",12.2923374622493,"X2"
"X8","2021-09-18 11:48:00","flow",3.40725771874713,"X3"
"EX65","2021-08-10 11:14:05","no_flow",NA,"X5"
"EX21","2021-08-06 10:27:22","no_flow",5.7556445772067,"X7"
"X9","2021-10-22 09:36:17","flow",1.53588694091217,"X6"
"EX3","2021-08-18 06:27:26","no_flow",11.5008052845096,"X8"
"EX51","2021-06-11 11:34:29","wt",NA,"X3"
"X9","2021-08-06 11:36:12","flow",NA,"X4"
"EX4","2021-10-22 08:10:22","no_flow",10.0120957581647,"X8"
"EX59","2021-09-03 10:00:00","flow",10.5572569931642,"X8"
"EX62","2021-09-07 09:16:30","no_flow",1.75604820889275,"X6"
"EX4","2021-08-06 09:29:02","no_flow",22.5612880330579,"X1"
"EX36","2021-08-18 08:52:47","flow",NA,"X5"
"EX5","2021-06-02 10:50:16","no_flow",11.8677407311439,"X8"
"EX16","2021-10-12 12:12:45","no_flow",5.70322522768751,"X7"
"EX50","2021-07-23 09:01:43","flow",24.0080620797875,"X4"
"EX20","2021-10-22 08:58:58","flow",12.6487890389797,"X2"
"EX23","2021-08-10 09:36:45","no_flow",26.2463683042568,"X4"
"EX58","2021-09-15 12:40:27","no_flow",NA,"X5"
"EX48","2021-09-03 09:51:14","wt",15.3955629537851,"X1"
"EX36","2021-07-23 08:18:14","no_flow",12.3657245515761,"X2"
"EX68","2021-08-18 09:18:41","flow",11.3802407806154,"X8"
"EX25","2021-09-07 08:30:24","wt",NA,"X5"
"EX25","2021-10-22 09:07:46","flow",NA,"X5"
"EX53","2021-09-18 13:11:13","no_flow",10.5782247329719,"X8"
"EX30","2021-09-21 11:15:02","flow",NA,"X5"
"EX8","2021-10-22 08:13:34","wt",12.6697567787874,"X2"
"EX71","2021-08-06 13:03:38","no_flow",NA,"X4"
"EX15","2021-08-18 06:36:55","flow",11.5008052845096,"X8"
"EX37","2021-08-18 08:58:50","no_flow",NA,"X6"
"X15","2021-09-21 11:58:30","wt",NA,"X3"
"EX55","2021-08-26 12:54:40","no_flow",15.7624984004194,"X1"
"EX26","2021-10-20 13:37:34","no_flow",NA,"X5"
"EX43","2021-08-26 11:52:29","no_flow",NA,"X6"
"EX38","2021-10-12 13:18:07","wt",NA,"X5"
"EX7","2021-08-26 09:16:04","no_flow",15.9931435383038,"X1"
"EX70","2021-08-26 11:25:32","no_flow",NA,"X5"
"EX25","2021-08-06 10:57:12","flow",22.0370945378661,"X1"
"EX24","2021-09-07 08:37:47","no_flow",NA,"X5"
"X13","2021-10-20 13:17:03","wt",11.731450422394,"X2"
"EX58","2021-09-03 09:57:51","no_flow",6.11209615393716,"X7"
"EX58","2021-10-13 11:25:49","no_flow",26.8806424334389,"X4"
"EX14","2021-10-13 09:34:23","flow",12.8008051525854,"X8"
"EX53","2021-08-18 10:12:17","no_flow",NA,"X5"
"EX68","2021-08-10 11:03:42","flow",26.2044328246414,"X4"
"EX71","2021-08-10 11:56:33","no_flow",NA,"X6"
"EX52","2021-07-23 09:18:43","no_flow",1.74556433898892,"X3"
"EX11","2021-10-12 12:31:39","no_flow",12.245160047682,"X2"
"EX28","2021-08-10 09:52:27","no_flow",5.06895109850535,"X7"
"X7","2021-10-13 10:15:30","flow",12.7431438681143,"X8"
"X8","2021-09-15 11:03:15","no_flow",9.22580551537685,"X8"
"EX3","2021-08-10 08:54:10","no_flow",NA,"X6"
"X14","2021-09-07 10:30:18","flow",1.79274175355618,"X6"
"EX5","2021-10-20 12:57:22","no_flow",9.6608861163861,"X8"
"EX73","2021-09-18 13:12:52","no_flow",13.0262083555179,"X2"
"EX23","2021-06-02 12:30:40","no_flow",18.3939497462826,"X4"
"EX53","2021-08-18 10:12:17","no_flow",5.10564464316878,"X7"
"EX57","2021-09-21 11:31:45","wt",6.4318541860042,"X7"
"EX7","2021-07-23 07:16:32","no_flow",3.3967738488433,"X7"
"EX36","2021-10-12 13:20:22","wt",9.47217645811703,"X8"
"EX73","2021-07-23 09:33:08","no_flow",14.5044340119589,"X1"
"EX44","2021-08-10 11:16:05","wt",12.9999986807583,"X2"
"EX52","2021-08-18 10:09:49","wt",26.0576586459877,"X4"
"EX36","2021-08-26 11:45:32","wt",4.30887053047714,"X7"
"EX11","2021-08-18 08:12:37","no_flow",NA,"X6"
"X12","2021-10-20 13:14:14","no_flow",23.0802395932979,"X4"
"X7","2021-09-03 08:55:48","wt",3.21330612552614,"X3"
"EX32","2021-09-21 13:03:23","wt",13.1362889895082,"X2"
"X6","2021-09-21 10:23:24","flow",10.2637086358567,"X8"
"EX62","2021-07-23 09:16:36","no_flow",10.5258053834527,"X8"
"EX23","2021-09-07 08:36:56","no_flow",9.90725705912628,"X8"
"EX42","2021-08-26 11:54:56","no_flow",4.61814469264034,"X7"
"EX24","2021-09-18 12:03:45","wt",6.11733808888908,"X7"
"EX47","2021-09-18 12:47:20","wt",2.24879009437311,"X6"
"EX69","2021-10-12 12:34:22","no_flow",14.6459662556608,"X1"
"EX57","2021-08-18 10:04:38","flow",5.1108865781207,"X7"
"EX52","2021-09-28 09:51:37","no_flow",11.8782246010477,"X2"
"EX25","2021-09-28 09:48:26","no_flow",9.33588614936714,"X8"
"EX65","2021-09-15 12:15:18","no_flow",22.6556428621925,"X4"
"EX15","2021-09-03 09:09:32","wt",15.3903210188332,"X1"
"X9","2021-06-02 13:38:05","no_flow",14.0379018012382,"X2"
"EX13","2021-09-18 11:36:54","no_flow",24.5217717050755,"X4"
"EX13","2021-08-18 06:59:20","wt",4.9431446596593,"X7"
"EX33","2021-09-21 12:59:03","flow",NA,"X5"
"EX10","2021-09-03 08:51:52","no_flow",NA,"X5"
"EX27","2021-08-26 10:28:39","no_flow",15.919756448977,"X1"
"X10","2021-09-21 12:59:52","flow",6.38991870638885,"X7"
"EX25","2021-09-07 08:30:24","wt",2.95645131288213,"X3"
"X5","2021-09-02 08:06:36","wt",NA,"X6"
"EX58","2021-08-18 09:44:04","no_flow",NA,"X3"
"EX20","2021-06-02 12:12:56","no_flow",14.1008050206612,"X2"
"EX41","2021-08-06 12:26:11","flow",21.3451591242128,"X1"
"EX36","2021-10-22 11:13:00","wt",5.90241875586042,"X7"
"X7","2021-08-10 09:38:18","wt",12.9423373962872,"X2"
"X2","2021-06-11 10:52:55","flow",21.3189494494532,"X4"
"EX52","2021-08-26 11:14:30","no_flow",NA,"X5"
"X9","2021-08-10 10:45:14","flow",10.7512085863852,"X8"
"EX25","2021-07-23 07:55:24","wt",14.4729824022474,"X1"
"EX39","2021-09-28 08:03:31","no_flow",22.7866912359904,"X4"
"EX10","2021-09-21 09:37:15","no_flow",NA,"X3"
"EX68","2021-09-21 12:23:47","flow",18.8028206725323,"X1"
"EX44","2021-10-20 12:33:41","no_flow",3.26048354009341,"X3"
"X4","2021-08-06 12:09:04","flow",5.69798329273559,"X7"
"EX51","2021-08-26 12:25:49","wt",NA,"X3"
"EX32","2021-08-26 11:26:30","no_flow",15.9564499936404,"X1"
"EX42","2021-08-06 12:26:18","no_flow",NA,"X5"
"EX15","2021-08-26 09:27:01","wt",24.5427394448832,"X4"
"EX36","2021-08-10 11:49:34","wt",10.7145150417218,"X8"
"EX66","2021-10-13 11:55:32","flow",26.7129005149775,"X4"
"EX27","2021-10-22 09:18:28","no_flow",24.3697555914699,"X4"
"X2","2021-09-28 10:10:39","no_flow",13.9749985818152,"X1"
"EX50","2021-09-07 10:23:12","flow",2.99838679249748,"X3"
"EX16","2021-08-18 06:36:16","no_flow",5.03749948879384,"X7"
"EX71","2021-08-26 11:26:15","no_flow",NA,"X6"
"X6","2021-08-06 10:57:20","flow",5.78185425196629,"X7"
"EX47","2021-10-20 13:56:55","wt",9.55604741734773,"X8"
"EX62","2021-08-18 10:06:50","no_flow",NA,"X3"
"X7","2021-07-27 08:08:14","flow",25.4705619313728,"X1"
"X1","2021-08-18 11:01:16","flow",NA,"X3"
"EX31","2021-08-06 13:00:03","wt",21.3189494494532,"X1"
"EX5","2021-10-22 08:11:20","no_flow",24.3749975264218,"X4"
"X1","2021-10-13 12:03:46","flow",7.91007984244527,"X7"
"EX33","2021-09-15 12:04:57","no_flow",22.687094471904,"X4"
"EX63","2021-09-15 12:46:13","no_flow",NA,"X5"
"X4","2021-10-20 12:29:09","no_flow",5.3362897810532,"X7"
"EX45","2021-08-26 12:24:21","no_flow",15.7572564654675,"X1"
"EX10","2021-07-23 07:27:57","no_flow",14.3995953129206,"X1"
"EX43","2021-09-28 10:14:55","no_flow",1.95524173706566,"X6"
"EX16","2021-09-03 09:09:53","no_flow",1.93951593220991,"X6"
"EX42","2021-09-03 09:38:36","no_flow",6.13306389374484,"X7"
"EX51","2021-10-20 13:58:15","no_flow",NA,"X5"
"X4","2021-08-06 12:09:04","flow",21.591530066953,"X1"
"EX47","2021-09-03 09:53:59","wt",NA,"X5"
"EX59","2021-09-07 10:40:04","no_flow",3.69556414110266,"X7"
"X2","2021-07-28 11:41:34","flow",NA,"X6"
"X7","2021-10-20 13:24:04","no_flow",9.58749902705924,"X8"
"EX47","2021-09-18 12:47:20","wt",10.5939505378276,"X8"
"EX36","2021-10-12 13:20:22","wt",14.6564501255646,"X1"
"EX56","2021-09-18 13:07:32","wt",3.69032220615074,"X3"
"EX30","2021-10-13 10:34:45","flow",NA,"X5"
"EX30","2021-10-22 09:29:40","flow",17.2826595364758,"X1"
"EX52","2021-07-23 09:18:43","no_flow",24.0290298195952,"X4"
"EX14","2021-09-28 09:30:54","no_flow",2.99838679249748,"X3"
"EX66","2021-10-12 11:02:03","flow",14.6983856051799,"X1"
"EX62","2021-10-20 13:44:46","no_flow",1.41008050206612,"X6"
"X10","2021-10-13 12:35:58","flow",15.3850790838813,"X2"
"X1","2021-09-02 11:57:33","flow",2.62620941091125,"X3"
"EX13","2021-06-02 11:29:33","no_flow",14.3838695080648,"X1"
"EX71","2021-09-21 13:10:40","no_flow",13.1362889895082,"X2"
"EX42","2021-09-07 11:19:13","no_flow",13.9487889070556,"X1"
"EX38","2021-09-21 12:52:29","wt",6.38991870638885,"X7"
"EX65","2021-08-18 09:12:08","no_flow",11.4012085204231,"X8"
"EX10","2021-08-18 08:02:08","no_flow",19.6415302648392,"X1"
"EX41","2021-09-18 12:33:47","flow",12.9842728759025,"X2"
"EX47","2021-10-22 09:55:29","wt",9.94919253874163,"X8"
"X1","2021-09-03 11:49:52","flow",NA,"X5"
"EX40","2021-08-26 11:45:42","wt",NA,"X5"
"EX54","2021-10-12 12:41:13","no_flow",3.09798355658393,"X3"
"X15","2021-10-12 12:57:13","wt",23.3895137554611,"X4"
"EX4","2021-09-03 09:15:18","no_flow",24.3854813963256,"X4"
"EX36","2021-10-22 11:13:00","wt",24.3540297866141,"X4"
"X2","2021-07-23 08:43:40","no_flow",3.26048354009341,"X7"
"EX22","2021-08-26 10:11:40","wt",24.5322555749794,"X4"
"EX37","2021-07-23 08:23:40","no_flow",NA,"X5"
"X8","2021-09-03 09:05:03","flow",6.16975743840827,"X7"
"EX4","2021-10-20 12:56:49","no_flow",NA,"X5"
"EX44","2021-09-21 12:40:34","flow",6.36895096658118,"X7"
"X6","2021-10-15 11:41:44","flow",24.0499975594028,"X4"
"X12","2021-08-26 10:20:08","no_flow",NA,"X3"
"EX31","2021-08-10 11:55:30","no_flow",1.52016113605641,"X3"
"EX20","2021-10-13 10:18:32","flow",12.7431438681143,"X8"
"EX47","2021-07-23 08:56:39","wt",10.4995957086931,"X8"
"EX60","2021-09-07 09:13:52","no_flow",9.90725705912628,"X8"
"EX56","2021-08-10 10:03:53","no_flow",12.9999986807583,"X2"
"X8","2021-06-02 11:48:22","wt",NA,"X5"
"EX59","2021-09-07 10:40:04","no_flow",1.74556433898892,"X6"
"X11","2021-09-28 10:14:14","no_flow",22.7237880165674,"X4"
"X5","2021-10-06 12:26:48","flow",NA,"X5"
"EX14","2021-09-18 11:37:30","no_flow",NA,"X5"
"EX65","2021-10-13 12:05:37","flow",7.85766049292608,"X7"
"EX46","2021-08-10 11:23:58","no_flow",10.7197569766737,"X8"
"EX17","2021-10-12 12:24:04","no_flow",1.46249985158531,"X6"
"EX46","2021-06-11 11:17:15","no_flow",14.4624985323436,"X2"
"X5","2021-06-11 10:24:13","wt",14.7193533449876,"X2"
"EX32","2021-09-15 12:02:53","no_flow",2.69959650023811,"X6"
"EX51","2021-09-28 08:06:23","no_flow",NA,"X5"
"EX43","2021-09-07 11:23:08","no_flow",NA,"X5"
"EX11","2021-09-07 08:21:40","no_flow",13.859676012873,"X1"
"EX52","2021-10-12 12:40:35","no_flow",9.44072484840552,"X8"
"EX48","2021-08-26 12:23:25","no_flow",24.9358845662771,"X4"
"EX73","2021-09-18 13:12:52","no_flow",3.7060480110065,"X3"
"X8","2021-07-27 07:13:33","flow",NA,"X6"
"EX62","2021-08-10 10:56:03","no_flow",5.01128981403424,"X7"
"EX32","2021-10-13 12:37:18","flow",15.3850790838813,"X2"
"X9","2021-09-07 09:11:20","no_flow",9.90725705912628,"X8"
"EX33","2021-09-03 09:26:40","wt",NA,"X5"
"EX29","2021-10-22 09:05:11","no_flow",24.359271721566,"X4"
"EX52","2021-09-15 11:29:40","no_flow",2.58951586624782,"X6"
"EX46","2021-10-13 11:46:54","no_flow",26.8282230839197,"X4"
"X7","2021-08-26 09:51:38","no_flow",NA,"X5"
"EX67","2021-09-21 12:19:39","flow",6.39516064134077,"X7"
"EX7","2021-10-12 12:14:21","no_flow",9.47217645811703,"X8"
"X1","2021-10-15 11:58:53","flow",10.1955634814818,"X8"
"X8","2021-09-07 08:44:19","no_flow",3.04556420706474,"X3"
"EX42","2021-10-20 12:33:44","no_flow",23.0907234632017,"X4"
"EX4","2021-07-23 07:19:21","no_flow",NA,"X6"
"EX30","2021-08-06 11:03:23","flow",NA,"X4"
"EX19","2021-08-10 09:41:08","no_flow",26.2463683042568,"X4"
"X4","2021-10-15 12:28:45","flow",6.25887033259089,"X7"
"EX29","2021-09-28 09:46:57","no_flow",9.33588614936714,"X8"
"X7","2021-07-23 07:36:32","no_flow",NA,"X5"
"X11","2021-09-15 12:12:54","no_flow",2.92499970317062,"X3"
"EX16","2021-08-10 09:13:16","no_flow",17.0729821383991,"X1"
"EX32","2021-08-10 11:55:19","wt",16.7532241063321,"X1"
"EX12","2021-10-22 09:01:50","no_flow",12.6487890389797,"X2"
"EX9","2021-09-03 09:10:45","no_flow",NA,"X5"
"EX25","2021-09-18 12:08:17","flow",12.889918046768,"X2"
"EX28","2021-09-15 11:23:35","no_flow",NA,"X5"
"EX71","2021-09-03 09:22:45","no_flow",12.5911277545086,"X2"
"X2","2021-09-07 10:55:17","no_flow",3.64838672653539,"X7"
"EX20","2021-08-18 07:34:26","flow",5.18951560239948,"X7"
"EX1","2021-08-06 09:18:08","wt",NA,"X6"
"EX13","2021-09-15 10:50:00","no_flow",NA,"X5"
"X2","2021-09-03 09:41:00","wt",24.4064491361333,"X4"
"X12","2021-10-19 11:20:26","no_flow",23.3161266661342,"X4"
"X9","2021-07-23 09:05:29","wt",23.9870943399798,"X4"
"X11","2021-08-10 11:17:43","wt",1.58306435547944,"X3"
"EX58","2021-09-03 09:57:51","no_flow",3.21854806047806,"X3"
"EX8","2021-09-18 11:41:09","no_flow",3.39153191389138,"X3"
"X8","2021-10-20 13:10:44","wt",9.60846676686691,"X8"
"X13","2021-08-06 09:51:51","flow",6.07540260927373,"X7"
"EX54","2021-09-18 11:33:34","no_flow",12.8846761118161,"X2"
"EX14","2021-08-06 09:09:34","wt",12.4286277709992,"X8"
"EX6","2021-09-15 10:59:08","no_flow",2.37983846817107,"X7"
"EX35","2021-09-03 09:29:00","no_flow",6.16975743840827,"X7"
"EX55","2021-09-15 12:48:33","no_flow",14.6826598003242,"X1"
"X4","2021-07-23 08:44:49","wt",3.26048354009341,"X7"
"EX62","2021-09-18 13:03:37","no_flow",6.14878969860059,"X7"
"EX4","2021-08-10 08:48:17","no_flow",10.8350795456159,"X8"
"EX6","2021-09-03 09:11:55","no_flow",24.3697555914699,"X4"
"EX43","2021-09-07 11:23:08","no_flow",13.9487889070556,"X1"
"X3","2021-09-15 12:17:33","flow",22.6556428621925,"X4"
"X13","2021-09-08 08:01:33","no_flow",NA,"X5"
"EX54","2021-09-21 11:08:54","wt",2.34838685845956,"X6"
"EX26","2021-08-26 10:34:52","flow",NA,"X5"
"X10","2021-09-03 09:25:01","wt",24.4379007458448,"X4"
"EX8","2021-09-07 08:07:40","no_flow",3.85282218966022,"X7"
"EX30","2021-08-06 11:03:23","flow",22.0528203427218,"X1"
"X12","2021-09-01 15:14:28","no_flow",12.952821266191,"X2"
"EX31","2021-08-10 11:55:30","no_flow",26.1310457353145,"X4"
"EX46","2021-09-15 12:40:53","no_flow",2.95645131288213,"X3"
"EX11","2021-08-10 09:49:11","no_flow",1.67217724966205,"X3"
"EX19","2021-10-20 13:17:52","no_flow",NA,"X5"
"EX54","2021-09-07 09:00:28","no_flow",NA,"X5"
"EX6","2021-07-23 07:20:58","no_flow",12.3552406816723,"X2"
"EX24","2021-07-23 07:35:40","no_flow",1.77701594870043,"X3"
"EX1","2021-07-23 07:17:44","no_flow",NA,"X5"
"EX37","2021-09-03 09:30:05","no_flow",10.6044344077315,"X8"
"EX33","2021-08-10 11:50:55","flow",NA,"X5"
"EX14","2021-07-23 07:11:56","no_flow",12.3971761612876,"X2"
"EX61","2021-09-03 10:02:43","no_flow",15.3431436042659,"X1"
"EX51","2021-09-21 12:05:08","no_flow",2.32741911865189,"X6"
"EX2","2021-08-10 08:52:32","no_flow",NA,"X6"
"X14","2021-06-11 10:56:25","no_flow",18.9915303308013,"X1"
"EX73","2021-10-13 11:58:30","no_flow",7.95201532206061,"X7"
"EX27","2021-10-13 10:27:36","flow",5.53548330922611,"X3"
"X13","2021-10-12 12:25:00","wt",1.44677404672955,"X6"
"EX16","2021-10-20 13:08:25","no_flow",1.44677404672955,"X6"
"EX2","2021-06-02 10:45:23","no_flow",18.3415303967634,"X4"
"EX27","2021-08-26 10:28:39","no_flow",12.5911277545086,"X2"
"EX24","2021-10-13 10:14:39","flow",16.2237886761883,"X2"
"EX30","2021-09-07 09:02:13","no_flow",23.0330621787306,"X4"
"EX23","2021-08-18 07:04:33","no_flow",4.95887046451506,"X7"
"EX28","2021-07-23 07:39:30","no_flow",3.38104804398754,"X7"
"EX42","2021-06-11 09:34:58","no_flow",NA,"X6"
"X15","2021-07-28 13:22:07","flow",NA,"X6"
"X6","2021-10-22 09:08:48","wt",1.740322404037,"X6"
"EX55","2021-08-06 11:33:46","wt",NA,"X4"
"X5","2021-10-06 12:26:48","flow",11.0028214640773,"X8"
"EX55","2021-09-18 13:05:57","wt",NA,"X5"
"EX21","2021-10-13 10:17:50","flow",12.7431438681143,"X8"
"EX10","2021-09-18 11:59:05","no_flow",24.4693523555563,"X4"
"X15","2021-10-20 13:59:05","wt",1.45201598168147,"X6"
"EX29","2021-08-06 10:51:34","no_flow",NA,"X5"
"EX27","2021-09-07 08:24:59","no_flow",23.0435460486345,"X4"
"EX22","2021-09-03 08:54:59","wt",6.15403163355251,"X7"
"EX13","2021-06-02 11:29:33","no_flow",2.38508040312299,"X3"
"X10","2021-09-03 09:25:01","wt",10.6201602125872,"X8"
"EX37","2021-08-18 08:58:50","no_flow",NA,"X5"
"EX11","2021-09-21 10:17:39","no_flow",18.8237884123399,"X1"
"X14","2021-10-20 13:53:04","flow",23.0854815282498,"X4"
"EX63","2021-09-28 09:58:50","no_flow",13.9645147119113,"X1"
"EX68","2021-10-13 11:57:55","flow",5.10040270821686,"X3"
"EX51","2021-09-15 12:35:39","no_flow",22.6504009272406,"X4"
"EX58","2021-07-23 09:04:16","no_flow",12.2923374622493,"X2"
"X7","2021-09-03 08:55:48","wt",12.5282245350856,"X2"
"EX41","2021-09-18 12:33:47","flow",3.48064480807399,"X3"
"EX55","2021-09-07 09:08:35","no_flow",13.8963695575364,"X1"
"EX66","2021-10-22 10:55:06","flow",24.3749975264218,"X4"
"EX61","2021-09-07 09:14:39","no_flow",NA,"X5"
"X2","2021-07-23 08:43:40","no_flow",NA,"X5"
"X12","2021-10-19 11:08:05","no_flow",NA,"X5"
"EX6","2021-09-03 09:11:55","no_flow",12.564918079749,"X2"
"X11","2021-10-22 11:06:01","wt",1.52540307100833,"X6"
"EX34","2021-10-13 12:34:48","flow",NA,"X5"
"EX48","2021-10-22 09:48:32","wt",5.93911230052385,"X7"
"EX52","2021-10-22 09:21:32","no_flow",NA,"X3"
"EX17","2021-09-28 09:29:31","no_flow",NA,"X5"
"EX69","2021-08-10 09:48:03","no_flow",12.9370954613353,"X2"
"EX70","2021-08-26 11:25:32","no_flow",24.5427394448832,"X4"
"EX25","2021-09-18 12:08:17","flow",17.4504014549372,"X1"
"EX59","2021-10-12 12:54:26","flow",5.53024137427419,"X7"
"EX63","2021-10-12 12:49:48","flow",14.6092727109973,"X1"
"EX61","2021-09-28 09:59:11","no_flow",NA,"X5"
"EX10","2021-08-18 08:02:08","no_flow",NA,"X5"
"X13","2021-08-06 09:51:51","flow",NA,"X5"
"X1","2021-08-23 10:40:38","flow",NA,"X7"
"EX67","2021-09-03 09:48:09","wt",NA,"X5"
"EX26","2021-08-10 09:59:25","flow",10.8088698708563,"X8"
"EX55","2021-08-18 10:16:13","wt",NA,"X5"
"EX38","2021-08-06 12:39:20","wt",NA,"X6"
"EX15","2021-10-22 08:17:38","wt",24.3907233312775,"X4"
"EX24","2021-09-21 09:49:30","wt",NA,"X3"
"X9","2021-10-22 09:36:17","flow",12.633063234124,"X2"
"EX31","2021-10-22 11:19:01","no_flow",12.6225793642201,"X2"
"EX61","2021-10-20 13:46:02","no_flow",5.34677365095704,"X7"
"EX45","2021-06-11 11:26:24","no_flow",14.4677404672955,"X2"
"EX36","2021-08-10 11:49:34","wt",NA,"X6"
"X1","2021-10-20 12:11:32","flow",23.1431428127209,"X4"
"EX43","2021-09-18 12:29:18","no_flow",2.36411266331532,"X6"
"EX72","2021-09-18 12:51:14","no_flow",3.48588674302591,"X3"
"EX61","2021-07-23 09:15:47","no_flow",14.5411275566224,"X1"
"EX56","2021-09-07 09:00:34","no_flow",NA,"X5"
"X3","2021-09-02 11:49:38","flow",2.06008043610404,"X3"
"EX58","2021-09-15 12:40:27","no_flow",11.537498829173,"X2"
"EX36","2021-08-06 12:48:18","flow",NA,"X4"
"X5","2021-09-03 10:01:15","wt",6.12782195879292,"X7"
"EX42","2021-10-22 11:04:28","no_flow",5.89193488595658,"X7"
"EX72","2021-06-11 11:41:51","wt",12.0826600641725,"X8"
"EX21","2021-09-28 09:35:59","no_flow",5.18427366744756,"X7"
"EX49","2021-09-28 10:03:51","flow",13.9645147119113,"X1"
"EX62","2021-10-20 13:44:46","no_flow",11.7104826825863,"X2"
"EX10","2021-08-26 10:23:20","no_flow",10.4576602290777,"X8"
"X10","2021-09-08 08:17:11","no_flow",1.94475786716182,"X6"
"X8","2021-09-07 08:44:19","no_flow",1.76653207879659,"X6"
"EX27","2021-09-21 10:22:56","wt",6.45282192581188,"X7"
"EX27","2021-09-18 12:15:16","flow",3.45967706826632,"X3"
"EX26","2021-08-06 11:03:53","flow",12.3866922913838,"X8"
"EX8","2021-08-10 08:42:34","no_flow",1.65120950985438,"X3"
"EX32","2021-08-18 08:36:52","flow",14.0745953459016,"X2"
"EX73","2021-09-07 11:02:03","no_flow",9.91774092903012,"X8"
"X5","2021-10-22 09:41:26","wt",NA,"X3"
"EX43","2021-08-06 12:40:40","no_flow",12.2504019826339,"X8"
"X11","2021-09-15 12:12:54","no_flow",2.7520158497573,"X6"
"EX50","2021-10-20 14:00:58","wt",1.46774178653723,"X6"
"EX13","2021-08-18 06:59:20","wt",NA,"X3"
"EX45","2021-10-22 09:47:28","no_flow",1.56733855062368,"X6"
"EX13","2021-10-22 08:01:18","no_flow",24.3802394613737,"X4"
"EX41","2021-10-13 12:09:21","flow",15.7677403353713,"X2"
"EX15","2021-10-12 12:22:41","wt",12.2818535923454,"X2"
"EX18","2021-07-23 07:33:12","wt",10.5310473184046,"X8"
"EX51","2021-09-15 12:35:39","no_flow",14.6826598003242,"X1"
"EX68","2021-06-11 11:51:09","flow",NA,"X3"
"X5","2021-10-20 14:03:06","wt",1.46774178653723,"X6"
"X2","2021-08-18 09:14:48","flow",11.4012085204231,"X8"
"EX9","2021-10-12 12:13:37","no_flow",NA,"X5"
"EX3","2021-08-18 06:27:26","no_flow",5.01128981403424,"X7"
"EX51","2021-09-07 10:13:14","no_flow",NA,"X5"
"EX61","2021-09-21 11:18:35","wt",2.34314492350764,"X6"
"X4","2021-10-15 12:28:45","flow",24.165320128345,"X4"
"EX40","2021-07-23 08:33:17","no_flow",NA,"X5"
"EX48","2021-09-03 09:51:14","wt",24.4064491361333,"X4"
"EX36","2021-08-10 11:49:34","wt",1.54112887586409,"X3"
"EX35","2021-09-18 12:25:19","no_flow",17.2512079267643,"X1"
"EX12","2021-10-13 10:21:31","wt",27.263303684929,"X4"
"EX70","2021-08-10 11:59:20","no_flow",NA,"X6"
"EX73","2021-09-07 11:02:03","no_flow",23.0854815282498,"X4"
"EX57","2021-09-28 09:55:46","no_flow",22.7447557563751,"X4"
"EX72","2021-09-21 11:39:41","no_flow",2.32741911865189,"X6"
"EX10","2021-09-21 09:37:15","no_flow",6.44233805590804,"X7"
"EX26","2021-08-10 09:59:25","flow",5.07419303345727,"X7"
"EX36","2021-09-18 12:26:18","flow",10.5887086028757,"X8"
"EX21","2021-09-15 11:17:30","no_flow",11.5008052845096,"X2"
"EX21","2021-08-10 09:39:51","no_flow",17.0048369840241,"X1"
"EX60","2021-09-07 09:13:52","no_flow",3.83185444985254,"X7"
"X6","2021-09-07 08:25:47","no_flow",13.8754018177287,"X1"
"X7","2021-10-22 08:42:28","flow",12.6907245185951,"X2"
"EX60","2021-08-06 11:43:51","flow",12.3552406816723,"X8"
"EX29","2021-08-06 10:51:34","no_flow",22.0370945378661,"X1"
"EX49","2021-07-23 08:51:41","flow",12.3919342263357,"X2"
"EX4","2021-09-15 10:56:29","no_flow",9.20483777556918,"X8"
"EX11","2021-09-28 09:42:40","no_flow",9.32016034451139,"X8"
"X1","2021-10-22 12:33:26","flow",1.47822565644106,"X6"
"EX27","2021-10-13 10:27:36","flow",8.35040237840643,"X7"
"EX66","2021-09-07 10:46:25","wt",3.69032220615074,"X7"
"X12","2021-09-18 11:58:44","no_flow",2.33790298855572,"X6"
"EX1","2021-08-10 08:56:37","no_flow",17.1254014879183,"X1"
"EX5","2021-10-22 08:11:20","no_flow",6.38467677143693,"X7"
"X2","2021-10-22 10:59:35","flow",NA,"X3"
"EX40","2021-10-20 12:37:47","no_flow",11.6999988126825,"X2"
"EX30","2021-09-15 12:49:48","no_flow",2.72056424004579,"X6"
"EX26","2021-09-21 10:25:21","flow",NA,"X5"
"EX14","2021-08-10 09:18:06","no_flow",17.0205627888799,"X1"
"EX67","2021-09-07 10:46:21","no_flow",3.02459646725707,"X3"
"EX59","2021-09-07 10:40:04","no_flow",NA,"X5"
"EX59","2021-09-15 12:30:45","no_flow",22.6346751223848,"X4"
"EX26","2021-08-10 09:59:25","flow",NA,"X6"
"EX35","2021-08-06 12:45:53","no_flow",14.0850792158055,"X2"
"EX34","2021-09-07 11:31:00","no_flow",13.8963695575364,"X1"
"EX37","2021-09-18 12:26:37","no_flow",2.36411266331532,"X6"
"X14","2021-08-18 09:36:47","flow",11.3697569107116,"X8"
"EX71","2021-09-15 12:02:30","no_flow",2.69959650023811,"X6"
"EX20","2021-08-26 10:09:33","wt",NA,"X6"
"EX20","2021-09-03 08:55:13","wt",6.15403163355251,"X7"
"EX1","2021-06-02 10:42:15","no_flow",14.3681437032091,"X1"
"EX36","2021-08-06 12:48:18","flow",5.6455639432164,"X7"
"EX41","2021-10-20 12:32:23","no_flow",23.0907234632017,"X4"
"X1","2021-08-26 13:55:16","flow",12.5387084049894,"X2"
"X15","2021-09-15 12:32:29","wt",NA,"X5"
"X2","2021-10-15 12:12:30","flow",3.28145127990108,"X3"
"X15","2021-09-28 10:03:22","wt",5.23145108201483,"X7"
"EX25","2021-10-12 12:30:37","wt",NA,"X5"
"EX30","2021-06-02 13:12:15","wt",14.2895146789303,"X1"
"EX65","2021-10-13 12:05:37","flow",26.6762069703141,"X4"
"EX15","2021-09-18 11:46:40","wt",24.5008039652678,"X4"
"EX67","2021-08-06 12:13:27","flow",5.66128974807216,"X7"
"X12","2021-10-12 12:32:28","no_flow",23.4209653651726,"X4"
"X13","2021-08-10 09:26:32","flow",12.9213696564795,"X2"
"EX14","2021-07-23 07:11:56","no_flow",14.436288857584,"X1"
"EX36","2021-09-07 11:27:24","no_flow",1.76129014384467,"X6"
"EX50","2021-07-23 09:01:43","flow",NA,"X5"
"X5","2021-10-22 09:41:26","wt",24.359271721566,"X4"
"EX24","2021-07-23 07:35:40","no_flow",NA,"X5"
"X5","2021-08-18 09:52:17","wt",26.0157231663723,"X4"
"EX21","2021-09-03 09:00:58","no_flow",6.18548324326403,"X7"
"EX47","2021-09-07 10:35:40","wt",11.8467729913362,"X2"
"EX25","2021-08-26 10:37:53","flow",NA,"X6"
"EX41","2021-09-07 11:18:21","no_flow",23.069755723394,"X4"
"EX14","2021-10-22 08:02:12","no_flow",NA,"X3"
"EX63","2021-06-11 10:29:54","flow",21.329433319357,"X4"
"X13","2021-09-28 09:31:44","wt",13.9645147119113,"X1"
"EX41","2021-10-22 11:03:03","flow",17.1778208374375,"X1"
"X8","2021-09-15 11:03:15","no_flow",NA,"X5"
"EX17","2021-09-21 09:53:37","flow",2.33266105360381,"X6"
"EX27","2021-08-10 09:58:01","no_flow",1.6564514448063,"X3"
"EX62","2021-09-21 11:17:23","no_flow",18.8133045424361,"X1"
"EX56","2021-08-18 10:15:56","wt",13.985482451719,"X2"
"EX10","2021-08-10 09:45:33","no_flow",26.2201586294972,"X4"
"EX50","2021-08-26 12:28:05","flow",NA,"X3"
"EX29","2021-10-12 12:34:49","no_flow",9.45645065326127,"X8"
"EX45","2021-08-06 11:57:25","no_flow",5.69274135778367,"X7"
"EX67","2021-10-20 12:25:42","no_flow",14.3314501585456,"X1"
"X13","2021-09-21 09:57:56","flow",NA,"X5"
"EX24","2021-10-13 10:14:39","flow",27.3052391645443,"X4"
"EX53","2021-07-23 09:25:24","no_flow",23.9504007953164,"X4"
"EX13","2021-09-21 09:49:10","wt",2.34314492350764,"X6"
"EX43","2021-09-03 09:36:38","no_flow",10.6096763426834,"X8"
"EX41","2021-08-10 11:13:38","flow",26.1624973450261,"X4"
"EX68","2021-09-18 13:24:36","flow",10.5572569931642,"X8"
"EX30","2021-10-22 09:29:40","flow",NA,"X3"
"EX48","2021-07-23 08:55:13","no_flow",12.3499987467204,"X2"
"EX62","2021-09-28 09:59:12","no_flow",2.9774190526898,"X3"
"EX69","2021-10-20 13:31:27","no_flow",14.1217727604689,"X1"
"EX51","2021-08-10 11:25:49","no_flow",4.93790272470738,"X7"
"EX1","2021-09-21 09:13:37","no_flow",NA,"X3"
"X5","2021-09-02 08:06:36","wt",NA,"X5"
"EX48","2021-10-13 11:44:21","flow",26.8387069538236,"X4"
"EX29","2021-09-07 08:23:54","no_flow",13.859676012873,"X1"
"EX39","2021-08-26 11:42:55","wt",12.5439503399414,"X2"
"X12","2021-10-13 10:21:48","no_flow",NA,"X5"
"X6","2021-09-15 11:25:37","no_flow",2.835886808988,"X3"
"X10","2021-10-20 12:43:41","wt",23.069755723394,"X4"
"X12","2021-08-26 10:20:08","no_flow",4.47661244893854,"X7"
"X9","2021-10-19 09:30:11","no_flow",1.38387082730653,"X6"
"EX53","2021-09-18 13:11:13","no_flow",6.15403163355251,"X7"
"X10","2021-07-23 08:10:54","wt",14.5254017517666,"X1"
"EX4","2021-07-23 07:19:21","no_flow",14.4624985323436,"X1"
"EX60","2021-09-28 09:57:49","no_flow",2.9774190526898,"X3"
"X1","2021-10-22 10:53:32","flow",24.359271721566,"X4"
"X5","2021-09-15 12:41:29","no_flow",14.6826598003242,"X1"
"EX6","2021-10-22 08:16:23","no_flow",12.6697567787874,"X2"
"EX26","2021-10-20 13:37:34","no_flow",9.60322483191499,"X8"
"X2","2021-10-20 12:26:43","no_flow",5.3362897810532,"X7"
"X1","2021-09-16 11:06:40","flow",13.8491921429691,"X1"
"EX31","2021-06-11 08:02:34","no_flow",14.6983856051799,"X2"
"EX43","2021-09-28 10:14:55","no_flow",22.7237880165674,"X4"
"EX1","2021-10-20 12:55:34","no_flow",1.44677404672955,"X6"
"EX40","2021-09-03 09:31:49","wt",NA,"X5"
"EX44","2021-06-11 09:43:23","flow",NA,"X5"
"EX72","2021-09-07 10:37:34","no_flow",3.69556414110266,"X7"
"X5","2021-10-13 11:37:22","flow",15.594756481958,"X2"
"EX3","2021-08-06 09:23:55","no_flow",NA,"X5"
"EX15","2021-09-03 09:09:32","wt",1.93951593220991,"X6"
"EX41","2021-07-23 08:41:27","no_flow",24.0342717545471,"X4"
"EX52","2021-08-26 11:14:30","no_flow",15.919756448977,"X1"
"EX9","2021-10-22 08:14:00","no_flow",NA,"X5"
"EX42","2021-10-22 11:04:28","no_flow",1.54112887586409,"X6"
"EX22","2021-08-18 07:32:35","flow",19.7673367036853,"X1"
"EX13","2021-10-20 12:52:04","no_flow",5.32580591114936,"X7"
"EX2","2021-08-10 08:52:32","no_flow",1.67217724966205,"X3"
"X3","2021-09-21 12:26:43","flow",18.7504013230131,"X1"
"EX65","2021-09-21 12:35:45","no_flow",NA,"X3"
"EX73","2021-09-21 12:22:38","no_flow",NA,"X4"
"X10","2021-09-21 12:59:52","flow",NA,"X5"
"X8","2021-09-03 09:05:03","flow",NA,"X5"
"EX52","2021-09-28 09:51:37","no_flow",1.94999980211374,"X6"
"EX13","2021-09-07 08:39:09","no_flow",3.85806412461214,"X7"
"EX45","2021-08-18 09:31:43","no_flow",NA,"X5"
"EX52","2021-08-10 12:21:34","no_flow",1.57782242052752,"X3"
"EX65","2021-09-03 09:46:06","no_flow",15.3431436042659,"X1"
"EX49","2021-10-22 09:59:19","flow",1.61451596519095,"X6"
"EX27","2021-09-15 11:24:35","no_flow",14.6826598003242,"X1"
"EX40","2021-10-20 12:37:47","no_flow",NA,"X5"
"EX47","2021-06-11 11:18:59","flow",14.4624985323436,"X2"
"EX12","2021-10-12 12:32:25","no_flow",1.45725791663339,"X6"
"EX39","2021-09-21 12:51:08","flow",6.38991870638885,"X7"
"EX22","2021-08-06 10:26:09","flow",5.7556445772067,"X7"
"X3","2021-10-06 11:48:59","flow",25.9318522071416,"X4"
"EX71","2021-09-07 11:34:23","no_flow",2.93548357307445,"X3"
"EX36","2021-08-26 11:45:32","wt",10.3999989446066,"X8"
"EX71","2021-10-22 11:20:45","no_flow",NA,"X3"
"EX62","2021-10-12 12:52:38","no_flow",9.46693452316511,"X8"
"EX68","2021-08-26 14:05:54","flow",15.8254016198425,"X1"
"X9","2021-09-07 09:11:20","no_flow",2.9774190526898,"X3"
"EX29","2021-09-21 10:14:35","no_flow",NA,"X4"
"EX9","2021-09-28 09:18:15","no_flow",2.97217711773788,"X3"
"EX36","2021-10-13 12:19:21","flow",29.323384121033,"X1"
"X1","2021-09-02 11:57:33","flow",16.821369260707,"X1"
"EX32","2021-09-18 12:22:51","wt",3.47016093817016,"X3"
"X12","2021-09-21 09:37:51","no_flow",6.44233805590804,"X7"
"X4","2021-08-18 09:22:00","flow",5.24193495191867,"X7"
"EX58","2021-09-18 12:52:56","no_flow",6.10685421898525,"X7"
"EX11","2021-08-10 09:49:11","no_flow",NA,"X5"
"EX70","2021-09-18 12:21:03","no_flow",17.3193530811393,"X1"
"EX67","2021-10-22 10:08:33","flow",5.91290262576425,"X7"
"EX43","2021-08-10 11:46:52","no_flow",12.9475793312391,"X2"
"X14","2021-07-20 12:30:52","flow",1.76653207879659,"X3"
"EX23","2021-06-02 12:30:40","no_flow",4.61814469264034,"X7"
"EX55","2021-08-10 10:38:25","no_flow",1.66693531471014,"X3"
"EX9","2021-09-18 11:40:35","no_flow",12.8427406322007,"X2"
"EX60","2021-10-13 11:23:21","flow",15.6052403518619,"X2"
"EX43","2021-09-03 09:36:38","no_flow",12.570160014701,"X2"
"EX15","2021-09-28 09:24:48","no_flow",11.8887084709515,"X2"
"EX42","2021-08-06 12:26:18","no_flow",NA,"X4"
"EX54","2021-08-10 10:04:36","no_flow",1.67741918461397,"X3"
"EX60","2021-10-12 12:50:03","flow",5.53024137427419,"X7"
"X8","2021-10-12 12:21:50","wt",9.46169258821319,"X8"
"EX56","2021-09-15 12:51:42","no_flow",11.5112891544134,"X2"
"EX20","2021-10-22 08:58:58","flow",1.76129014384467,"X6"
"EX30","2021-08-06 11:03:23","flow",14.2370953294111,"X2"
"EX44","2021-10-22 11:03:53","flow",9.91774092903012,"X8"
"EX54","2021-09-03 10:08:12","no_flow",6.122580023841,"X7"
"X1","2021-10-06 11:42:28","flow",4.41895116446744,"X3"
"EX5","2021-10-12 12:16:02","no_flow",3.06653194687242,"X3"
"EX59","2021-10-13 11:23:30","flow",30.2826582172341,"X1"
"X9","2021-09-08 08:37:54","no_flow",NA,"X5"
"EX20","2021-09-07 08:50:45","no_flow",11.8939504059035,"X2"
"EX59","2021-10-13 11:23:30","flow",26.93830371791,"X4"
"X13","2021-07-23 07:32:21","wt",NA,"X6"
"X1","2021-10-15 11:58:53","flow",1.96048367201758,"X6"
"X12","2021-08-26 10:20:08","no_flow",16.0088693431596,"X1"
"EX30","2021-09-03 10:08:14","flow",15.3431436042659,"X1"
"EX65","2021-09-28 10:12:09","no_flow",5.22620914706291,"X7"
"X10","2021-08-06 12:55:47","flow",NA,"X4"
"EX53","2021-08-10 10:02:47","no_flow",NA,"X6"
"X12","2021-08-26 10:20:08","no_flow",NA,"X6"
"EX2","2021-09-28 09:21:28","no_flow",NA,"X5"
"X11","2021-09-21 12:43:47","wt",NA,"X5"
"X8","2021-07-27 07:13:33","flow",NA,"X5"
"X13","2021-10-13 13:11:47","flow",7.63225728999358,"X7"
"EX69","2021-08-06 10:50:04","no_flow",NA,"X4"
"EX41","2021-10-13 12:09:21","flow",NA,"X5"
"EX44","2021-10-20 12:33:41","no_flow",9.62419257172267,"X8"
"EX4","2021-09-21 09:19:38","no_flow",18.9600787210898,"X1"
"EX44","2021-09-15 12:13:52","no_flow",2.7520158497573,"X6"
"EX32","2021-06-11 08:15:44","no_flow",NA,"X5"
"EX70","2021-09-03 09:21:37","no_flow",1.92379012735415,"X6"
"EX36","2021-09-18 12:26:18","flow",3.48064480807399,"X3"
"EX30","2021-09-07 09:02:13","no_flow",9.9124989940782,"X8"
"X10","2021-10-22 11:15:28","flow",17.1778208374375,"X1"
"EX59","2021-08-18 09:45:07","flow",19.5366915658009,"X1"
"EX32","2021-09-03 09:24:34","no_flow",15.4322564984486,"X1"
"EX66","2021-10-12 11:02:03","flow",1.47822565644106,"X6"
"EX41","2021-08-10 11:13:38","flow",NA,"X6"
"EX71","2021-10-22 11:20:45","no_flow",9.92298286398203,"X8"
"EX1","2021-06-02 10:42:15","no_flow",11.8258052515285,"X8"
"X15","2021-10-22 09:44:58","wt",5.91290262576425,"X7"
"EX11","2021-09-15 11:22:30","no_flow",NA,"X5"
"EX56","2021-06-02 13:26:17","no_flow",2.41129007788259,"X3"
"EX70","2021-09-07 11:34:52","no_flow",2.93548357307445,"X3"
"X11","2021-10-22 11:06:01","wt",9.91774092903012,"X8"
"EX3","2021-08-06 09:23:55","no_flow",2.25927396427694,"X3"
"EX9","2021-06-02 11:12:31","no_flow",2.34838685845956,"X3"
"EX63","2021-09-07 09:13:23","no_flow",13.922579232296,"X1"
"EX54","2021-10-13 12:39:51","flow",NA,"X5"
"EX43","2021-10-12 13:16:34","no_flow",9.44596678335743,"X8"
"EX54","2021-10-13 12:39:51","flow",28.8620938452642,"X1"
"EX2","2021-09-28 09:21:28","no_flow",2.97217711773788,"X3"
"EX34","2021-10-12 13:22:00","no_flow",23.33185247099,"X4"
"EX67","2021-08-06 12:13:27","flow",2.17016107009433,"X3"
"EX8","2021-10-12 12:14:17","no_flow",5.70322522768751,"X7"
"EX44","2021-09-15 12:13:52","no_flow",11.5584665689807,"X2"
"EX14","2021-10-13 09:34:23","flow",5.67701555292791,"X3"
"EX39","2021-09-21 12:51:08","flow",10.2217731562414,"X8"
"EX25","2021-10-22 09:07:46","flow",17.335078885995,"X1"
"X10","2021-07-28 10:11:35","flow",17.7963691617639,"X2"
"EX37","2021-10-20 12:38:57","no_flow",5.34677365095704,"X7"
"EX41","2021-08-26 11:55:21","flow",NA,"X5"
"EX38","2021-09-21 12:52:29","wt",10.2217731562414,"X8"
"X1","2021-09-13 11:52:50","flow",11.9044342758073,"X2"
"EX1","2021-08-26 08:55:38","no_flow",4.70201565187104,"X7"
"EX72","2021-08-06 11:51:27","no_flow",NA,"X4"
"X1","2021-09-30 11:52:17","flow",3.95766088869859,"X3"
"EX29","2021-08-10 09:54:26","no_flow",26.2201586294972,"X4"
"EX12","2021-08-18 08:10:11","no_flow",NA,"X5"
"EX2","2021-09-28 09:21:28","no_flow",22.7709654311347,"X4"
"EX65","2021-08-10 11:14:05","no_flow",4.99032207422657,"X7"
"EX60","2021-08-18 09:50:59","flow",5.22096721211099,"X7"
"EX5","2021-10-13 09:57:57","flow",16.1399177169576,"X2"
"EX36","2021-10-13 12:19:21","flow",12.1770148933071,"X8"
"EX33","2021-09-15 12:04:57","no_flow",11.5427407641249,"X2"
"EX53","2021-09-07 09:01:17","no_flow",23.0330621787306,"X4"
"EX25","2021-09-03 08:58:53","wt",1.91330625745031,"X6"
"X3","2021-09-07 10:47:31","wt",11.8624987961919,"X2"
"X13","2021-08-10 09:26:32","flow",26.2096747595933,"X4"
"EX45","2021-10-13 11:46:23","no_flow",3.55403189740086,"X6"
"EX8","2021-10-13 09:52:28","no_flow",NA,"X5"
"EX16","2021-10-22 08:17:33","no_flow",1.79274175355618,"X6"
"EX54","2021-09-18 11:33:34","no_flow",10.5205634485008,"X8"
"EX12","2021-09-28 09:41:39","no_flow",1.93427399725799,"X6"
"X3","2021-06-11 10:48:55","flow",NA,"X5"
"EX11","2021-07-23 07:43:18","no_flow",3.36008030417986,"X7"
"X7","2021-10-22 08:42:28","flow",NA,"X3"
"EX21","2021-08-06 10:27:22","no_flow",NA,"X5"
"EX47","2021-09-03 09:53:59","wt",15.3955629537851,"X1"
"EX46","2021-08-06 12:02:49","no_flow",NA,"X4"
"EX28","2021-09-28 09:46:59","no_flow",1.93427399725799,"X6"
"EX55","2021-08-18 10:16:13","wt",13.985482451719,"X2"
"EX31","2021-08-18 08:31:46","no_flow",4.60241888778459,"X7"
"EX60","2021-06-11 10:37:00","flow",NA,"X6"
"EX25","2021-07-23 07:55:24","wt",1.76653207879659,"X3"
"EX20","2021-09-07 08:50:45","no_flow",9.91774092903012,"X8"
"EX29","2021-09-03 08:45:13","no_flow",24.4169330060371,"X4"
"X3","2021-09-02 11:49:38","flow",4.8592737004286,"X7"
"EX73","2021-09-07 11:02:03","no_flow",NA,"X5"
"EX19","2021-09-18 12:02:03","no_flow",24.4641104206044,"X4"
"X5","2021-09-18 12:54:48","wt",17.2931434063797,"X1"
"EX34","2021-09-28 08:29:40","no_flow",2.97217711773788,"X3"
"EX41","2021-09-07 11:18:21","no_flow",9.90201512417436,"X8"
"X14","2021-08-26 12:29:29","flow",12.570160014701,"X2"
"EX58","2021-09-15 12:40:27","no_flow",14.6826598003242,"X1"
"X11","2021-09-01 11:18:55","wt",NA,"X6"
"EX63","2021-09-28 09:58:50","no_flow",22.7447557563751,"X4"
"EX28","2021-07-23 07:39:30","no_flow",14.4729824022474,"X1"
"EX55","2021-06-02 13:28:30","no_flow",NA,"X5"
"EX58","2021-10-13 11:25:49","no_flow",5.24717688687058,"X3"
"EX37","2021-10-12 13:20:00","no_flow",9.46693452316511,"X8"
"X5","2021-09-08 08:42:18","no_flow",3.02459646725707,"X3"
"X14","2021-10-19 08:52:00","flow",1.36290308749885,"X6"
"X9","2021-07-23 09:05:29","wt",3.15564484105504,"X7"
"EX63","2021-08-18 10:03:41","flow",26.03669090618,"X4"
"EX1","2021-09-18 11:43:20","no_flow",10.5100795785969,"X8"
"EX46","2021-08-18 09:32:26","no_flow",19.5838689803681,"X1"
"EX51","2021-07-23 08:59:15","no_flow",1.73508046908508,"X3"
"EX46","2021-09-28 08:04:59","no_flow",NA,"X5"
"EX9","2021-08-18 06:40:27","no_flow",5.03749948879384,"X7"
"EX62","2021-10-22 09:31:48","no_flow",12.6749987137393,"X2"
"EX33","2021-08-06 12:49:22","flow",21.3399171892609,"X1"
"X12","2021-10-20 13:14:14","no_flow",5.33104784610128,"X7"
"EX46","2021-09-18 12:28:48","no_flow",17.2512079267643,"X1"
"X14","2021-08-06 11:52:22","flow",5.71895103254326,"X7"
"EX61","2021-06-11 10:21:07","wt",NA,"X5"
"EX57","2021-08-10 10:42:37","wt",NA,"X5"
"EX12","2021-09-03 08:48:19","no_flow",6.17499937336019,"X7"
"X1","2021-10-20 12:11:32","flow",NA,"X5"
"EX70","2021-09-21 13:10:45","no_flow",10.2270150911933,"X8"
"EX39","2021-10-20 12:37:50","no_flow",NA,"X5"
"EX8","2021-06-02 11:09:57","no_flow",NA,"X5"
"X5","2021-10-13 11:37:22","flow",5.1947575373514,"X3"
"EX3","2021-08-10 08:54:10","no_flow",NA,"X5"
"X12","2021-10-22 09:01:09","no_flow",12.6487890389797,"X2"
"X13","2021-09-03 09:00:00","wt",1.90806432249839,"X6"
"X15","2021-10-19 08:45:14","wt",23.2899169913746,"X4"
"EX10","2021-06-02 11:18:05","no_flow",NA,"X5"
"EX3","2021-09-18 11:43:15","no_flow",17.466127259793,"X1"
"X15","2021-08-12 11:28:55","wt",NA,"X6"
"EX32","2021-09-18 12:22:51","wt",6.14878969860059,"X7"
"X1","2021-10-15 11:58:53","flow",6.20120904811978,"X7"
"EX29","2021-07-23 07:47:21","no_flow",14.3995953129206,"X1"
"EX33","2021-10-13 12:33:34","flow",NA,"X5"
"EX68","2021-08-26 14:05:54","flow",NA,"X5"
"EX34","2021-09-28 08:29:40","no_flow",11.8782246010477,"X2"
"X8","2021-10-15 11:15:41","flow",10.4209666844143,"X8"
"EX9","2021-10-12 12:13:37","no_flow",5.70322522768751,"X7"
"X12","2021-08-06 10:30:48","no_flow",NA,"X4"
"EX35","2021-10-22 11:13:14","no_flow",5.90241875586042,"X7"
"EX18","2021-08-10 09:31:35","flow",NA,"X6"
"EX50","2021-09-07 10:23:12","flow",1.78749981860426,"X6"
"EX67","2021-09-21 12:19:39","flow",18.8133045424361,"X1"
"EX45","2021-06-11 11:26:24","no_flow",12.0879019991244,"X8"
"EX8","2021-10-12 12:14:17","no_flow",12.2346761777782,"X2"
"EX71","2021-09-21 13:10:40","no_flow",NA,"X3"
"EX30","2021-09-21 11:15:02","flow",6.4580638607638,"X7"
"X3","2021-07-23 08:44:45","flow",NA,"X6"
"EX33","2021-08-10 11:50:55","flow",10.698789236866,"X8"
"EX1","2021-09-15 10:55:06","no_flow",2.37983846817107,"X7"
"EX66","2021-09-21 12:33:55","flow",NA,"X4"
"EX59","2021-08-06 11:39:21","flow",NA,"X6"
"EX17","2021-09-15 11:06:31","no_flow",9.27298292994412,"X8"
"EX28","2021-07-23 07:39:30","no_flow",NA,"X6"
"X13","2021-10-12 12:25:00","wt",9.46693452316511,"X8"
"EX24","2021-09-07 08:37:47","no_flow",13.859676012873,"X1"
"EX9","2021-08-06 09:38:39","no_flow",14.3157243536899,"X2"
"EX66","2021-10-22 10:55:06","flow",1.52540307100833,"X6"
"EX33","2021-10-13 12:33:34","flow",26.5661263363238,"X4"
"EX62","2021-10-13 11:19:09","no_flow",8.06733789100283,"X7"
"EX6","2021-09-07 08:09:09","no_flow",23.0645137884421,"X4"
"EX49","2021-10-13 11:41:37","flow",12.308063267105,"X8"
"EX9","2021-08-10 08:40:14","no_flow",NA,"X5"
"EX25","2021-09-18 12:08:17","flow",24.4693523555563,"X4"
"X2","2021-07-27 08:49:08","flow",NA,"X3"
"X7","2021-06-02 12:21:49","no_flow",14.3471759634014,"X1"
"EX10","2021-10-13 10:21:40","no_flow",31.8028193532905,"X1"
"X2","2021-09-15 12:16:28","no_flow",22.6556428621925,"X4"
"EX57","2021-09-28 09:55:46","no_flow",13.9645147119113,"X1"
"EX12","2021-10-20 13:29:01","no_flow",9.57177322220348,"X8"
"EX2","2021-08-06 09:18:10","flow",12.4129019661434,"X8"
"EX73","2021-10-12 10:57:42","no_flow",9.47217645811703,"X8"
"EX61","2021-08-26 12:42:26","no_flow",10.4052408795586,"X8"
"EX15","2021-09-03 09:09:32","wt",3.18185451581463,"X3"
"EX43","2021-09-15 12:11:50","no_flow",11.5584665689807,"X2"
"EX25","2021-08-10 09:42:05","wt",17.0048369840241,"X1"
"EX59","2021-08-06 11:39:21","flow",2.19637074485392,"X3"
"EX2","2021-09-03 09:15:57","no_flow",6.17499937336019,"X7"
"EX72","2021-10-13 11:25:12","flow",7.99919273662788,"X7"
"EX44","2021-09-28 10:13:04","no_flow",13.9749985818152,"X1"
"EX59","2021-09-21 11:47:46","flow",10.2427408960491,"X8"
"EX31","2021-09-07 11:34:21","no_flow",3.44395126341056,"X7"
"EX60","2021-08-18 09:50:59","flow",19.6153205900796,"X1"
"EX47","2021-06-11 11:18:59","flow",21.2717720348859,"X4"
"EX56","2021-09-28 09:52:14","no_flow",2.96169324783405,"X3"
"X13","2021-08-10 09:26:32","flow",NA,"X6"
"EX52","2021-10-20 13:37:36","no_flow",11.7052407476344,"X2"
"X1","2021-08-18 11:01:16","flow",13.9907243866709,"X2"
"X10","2021-08-18 08:37:48","flow",NA,"X5"
"EX22","2021-07-23 07:37:53","wt",NA,"X6"
"EX4","2021-08-26 09:03:29","no_flow",24.5270136400274,"X4"
"EX71","2021-07-23 08:05:00","no_flow",3.32338675951643,"X7"
"EX2","2021-10-12 12:16:57","no_flow",14.6459662556608,"X1"
"EX67","2021-10-13 11:57:48","flow",12.2556439175858,"X8"
"X1","2021-08-22 09:19:39","flow",1.6564514448063,"X3"
"EX57","2021-09-07 09:11:14","no_flow",1.73508046908508,"X6"
"EX15","2021-07-23 07:22:23","no_flow",14.4782243371994,"X1"
"X1","2021-07-27 08:56:58","flow",15.0076597673431,"X2"
"EX69","2021-09-07 08:22:29","no_flow",NA,"X5"
"EX57","2021-10-13 10:38:50","flow",5.43588654513966,"X3"
"X9","2021-07-28 09:34:24","flow",NA,"X5"
"X13","2021-10-13 10:10:07","flow",16.2237886761883,"X2"
"EX40","2021-09-18 12:28:51","wt",2.36411266331532,"X6"
"EX69","2021-10-13 10:24:54","wt",31.8028193532905,"X1"
"EX63","2021-07-23 09:13:53","wt",12.3028213321531,"X2"
"EX4","2021-09-03 09:15:18","no_flow",12.6016116244125,"X2"
"X14","2021-10-20 13:53:04","flow",14.2790308090264,"X1"
"EX36","2021-09-28 08:03:11","no_flow",11.8834665359996,"X2"
"EX6","2021-08-18 06:33:43","no_flow",NA,"X6"
"EX69","2021-09-03 08:49:03","no_flow",15.3798371489294,"X1"
"EX30","2021-09-21 11:15:02","flow",NA,"X3"
"X14","2021-08-10 11:22:02","flow",16.821369260707,"X1"
"EX2","2021-09-07 08:12:15","no_flow",9.92822479893395,"X8"
"EX52","2021-10-20 13:37:36","no_flow",5.32580591114936,"X7"
"EX62","2021-10-13 11:19:09","no_flow",12.5072567952779,"X8"
"X13","2021-08-10 09:26:32","flow",1.56209661567176,"X3"
"X6","2021-09-28 09:48:30","no_flow",1.93427399725799,"X6"
"X1","2021-07-20 12:41:36","flow",4.17782215667918,"X7"
"EX53","2021-07-23 09:25:24","no_flow",NA,"X5"
"X9","2021-10-13 10:38:42","flow",12.6907245185951,"X8"
"EX69","2021-09-15 11:18:03","no_flow",9.27822486489604,"X8"
"EX71","2021-10-20 12:48:54","no_flow",5.3362897810532,"X7"
"X2","2021-07-23 08:43:40","no_flow",10.5153215135488,"X8"
"EX67","2021-10-22 10:08:33","flow",9.94919253874163,"X8"
"X13","2021-10-22 08:34:40","flow",1.76129014384467,"X6"
"EX45","2021-10-22 09:47:28","no_flow",NA,"X5"
"EX43","2021-08-10 11:46:52","no_flow",1.54112887586409,"X3"
"EX65","2021-09-21 12:35:45","no_flow",10.2270150911933,"X8"
"X14","2021-10-19 08:52:00","flow",3.16612871095887,"X3"
"EX37","2021-09-07 11:26:18","no_flow",11.925402015615,"X2"
"EX35","2021-10-12 13:20:34","no_flow",23.33185247099,"X4"
"X5","2021-09-03 10:01:15","wt",10.5729827980199,"X8"
"EX33","2021-09-21 12:59:03","flow",2.34314492350764,"X6"
"X11","2021-10-15 08:59:26","wt",3.39153191389138,"X3"
"X5","2021-09-28 09:57:59","no_flow",11.8520149262881,"X2"
"EX27","2021-09-21 10:22:56","wt",2.34314492350764,"X6"
"EX69","2021-09-28 09:46:33","no_flow",22.7762073660866,"X4"
"EX27","2021-08-10 09:58:01","no_flow",10.8088698708563,"X8"
"EX52","2021-09-28 09:51:37","no_flow",5.19999947230332,"X7"
"EX47","2021-08-10 11:25:25","wt",10.7197569766737,"X8"
"EX10","2021-09-21 09:37:15","no_flow",NA,"X5"
"EX70","2021-08-26 11:25:32","no_flow",NA,"X3"
"EX63","2021-09-03 10:04:17","flow",15.3431436042659,"X1"
"EX11","2021-09-28 09:42:40","no_flow",3.02983840220899,"X3"
"EX9","2021-09-28 09:18:15","no_flow",9.3254022794633,"X8"
"X4","2021-10-20 12:29:09","no_flow",9.65564418143418,"X8"
"EX72","2021-08-18 09:41:43","no_flow",11.3907246505193,"X8"
"EX39","2021-07-23 08:32:00","no_flow",NA,"X6"
"EX30","2021-09-21 11:15:02","flow",NA,"X4"
"EX23","2021-10-22 08:39:26","no_flow",24.359271721566,"X4"
"EX45","2021-10-20 13:55:11","no_flow",23.074997658346,"X4"
"X15","2021-10-13 11:45:31","flow",15.5737887421504,"X2"
"X4","2021-08-06 12:09:04","flow",12.3133052020569,"X8"
"EX35","2021-09-21 13:02:27","no_flow",NA,"X5"
"EX2","2021-10-22 08:09:24","no_flow",9.99636995330889,"X8"
"EX22","2021-08-26 10:11:40","wt",NA,"X6"
"EX11","2021-10-20 13:29:42","no_flow",14.1374985653246,"X1"
"EX38","2021-09-18 12:26:52","wt",10.5887086028757,"X8"
"X4","2021-09-28 10:06:56","no_flow",11.8415310563843,"X2"
"X1","2021-08-16 09:42:41","flow",47.7068499974118,"X1"
"EX5","2021-09-03 09:14:06","no_flow",12.564918079749,"X2"
"EX15","2021-08-18 06:36:55","flow",NA,"X3"
"EX7","2021-10-22 08:12:28","no_flow",17.3036272762835,"X1"
"EX1","2021-08-26 08:55:38","no_flow",10.3475795950874,"X8"
"EX70","2021-09-21 13:10:45","no_flow",2.29072557398846,"X6"
"EX20","2021-09-28 09:35:24","no_flow",9.33064421441522,"X8"
"EX70","2021-08-06 13:03:32","no_flow",NA,"X5"
"EX11","2021-09-21 10:17:39","no_flow",6.47378966561955,"X7"
"EX28","2021-09-21 10:22:30","wt",NA,"X5"
"EX47","2021-08-06 11:55:01","wt",2.11774172057514,"X3"
"EX21","2021-10-20 13:27:54","no_flow",NA,"X5"
"EX19","2021-10-20 13:17:52","no_flow",14.2528211342669,"X1"
"X5","2021-10-15 09:42:15","wt",NA,"X5"
"X9","2021-09-01 16:00:25","flow",18.4358852258979,"X1"
"EX25","2021-09-28 09:48:26","no_flow",1.93427399725799,"X6"
"EX26","2021-09-18 12:18:52","flow",12.8846761118161,"X2"
"EX68","2021-09-15 13:04:30","flow",11.5322568942211,"X2"
"X15","2021-10-19 08:45:14","wt",1.34193534769118,"X6"
"EX11","2021-06-02 11:22:02","no_flow",NA,"X5"
"X15","2021-08-12 11:28:55","wt",14.6983856051799,"X1"
"EX19","2021-08-26 10:04:37","no_flow",10.4524182941258,"X8"
"EX49","2021-09-21 11:58:22","flow",6.43709612095612,"X7"
"EX68","2021-09-18 13:24:36","flow",2.29072557398846,"X6"
"X2","2021-08-10 11:11:40","flow",10.7459666514333,"X8"
"EX19","2021-08-18 08:06:14","no_flow",5.19999947230332,"X7"
"EX38","2021-10-12 13:18:07","wt",1.47298372148915,"X6"
"EX29","2021-09-18 12:12:33","no_flow",10.5939505378276,"X8"
"EX39","2021-08-18 09:02:22","flow",NA,"X5"
"EX72","2021-09-15 12:39:47","no_flow",2.73629004490154,"X6"
"EX35","2021-08-26 11:33:13","no_flow",4.53427373340965,"X7"
"X13","2021-08-26 10:00:14","wt",16.0245951480154,"X1"
"EX25","2021-09-03 08:58:53","wt",15.4217726285447,"X1"
"EX58","2021-10-12 12:48:01","no_flow",9.44072484840552,"X8"
"EX7","2021-08-10 08:44:48","no_flow",10.8508053504716,"X8"
"X8","2021-08-18 07:18:24","flow",19.7568528337814,"X1"
"EX69","2021-09-18 12:11:56","no_flow",2.36935459826724,"X6"
"EX5","2021-08-18 06:30:13","wt",14.1427405002766,"X2"
"X1","2021-07-20 12:41:36","flow",27.200400465506,"X4"
"EX36","2021-10-12 13:20:22","wt",23.33185247099,"X4"
"EX33","2021-09-21 12:59:03","flow",13.1362889895082,"X2"
"EX21","2021-07-23 07:37:41","no_flow",1.77701594870043,"X3"
"X1","2021-08-06 12:17:55","flow",NA,"X4"
"EX19","2021-06-02 11:59:36","no_flow",14.3471759634014,"X1"
"X3","2021-10-06 11:48:59","flow",25.0145135905559,"X1"
"EX9","2021-09-15 11:00:18","no_flow",2.33266105360381,"X6"
"EX17","2021-08-26 10:04:32","no_flow",16.0245951480154,"X1"
"EX46","2021-09-28 08:04:59","no_flow",11.8834665359996,"X2"
"EX20","2021-08-26 10:09:33","wt",4.54475760331348,"X7"
"EX60","2021-09-03 10:00:49","wt",6.12782195879292,"X7"
"EX71","2021-10-12 13:24:15","no_flow",3.0612900119205,"X3"
"EX35","2021-08-26 11:33:13","no_flow",NA,"X5"
"X3","2021-07-23 08:44:45","flow",14.4887082071032,"X1"
"EX14","2021-10-12 11:53:00","no_flow",1.46774178653723,"X6"
"EX29","2021-08-06 10:51:34","no_flow",5.80282199177396,"X7"
"EX39","2021-09-21 12:51:08","flow",18.7346755181573,"X1"
"EX7","2021-09-28 09:19:07","no_flow",11.8729826660958,"X2"
"EX22","2021-08-26 10:11:40","wt",12.5858858195567,"X2"
"EX54","2021-07-23 07:57:38","no_flow",12.37620842148,"X2"
"EX73","2021-08-10 11:02:59","no_flow",NA,"X5"
"EX24","2021-06-02 12:24:25","no_flow",NA,"X6"
"EX57","2021-09-28 09:55:46","no_flow",1.9657256069695,"X6"
"EX10","2021-09-07 08:19:38","no_flow",23.0592718534902,"X4"
"X1","2021-09-27 11:23:31","flow",NA,"X5"
"EX58","2021-09-28 09:56:40","no_flow",9.37257969403057,"X8"
"EX66","2021-09-07 10:46:25","wt",9.8862893193186,"X8"
"EX52","2021-08-18 10:09:49","wt",NA,"X6"
"X9","2021-09-21 11:34:40","flow",18.8499980870995,"X1"
"X11","2021-09-18 12:30:51","wt",12.9842728759025,"X2"
"EX20","2021-07-23 07:30:27","no_flow",1.75080627394083,"X3"
"EX12","2021-09-07 08:19:56","no_flow",23.0592718534902,"X4"
"X13","2021-10-12 12:25:00","wt",NA,"X5"
"EX72","2021-09-28 10:02:31","no_flow",11.8415310563843,"X2"
"EX21","2021-08-26 10:10:35","no_flow",NA,"X5"
"EX51","2021-10-22 09:55:04","wt",17.2931434063797,"X1"
"EX40","2021-08-18 09:03:37","flow",14.0588695410459,"X2"
"EX49","2021-10-13 11:41:37","flow",26.8387069538236,"X4"
"EX69","2021-10-22 09:05:09","no_flow",5.88669295100466,"X7"
"EX20","2021-09-18 12:08:04","flow",6.11733808888908,"X7"
"EX26","2021-09-21 10:25:21","flow",NA,"X4"
"EX31","2021-09-15 12:02:42","no_flow",2.69959650023811,"X6"
"X1","2021-09-18 11:04:35","flow",24.490320095364,"X4"
"EX29","2021-09-28 09:46:57","no_flow",1.93427399725799,"X6"
"EX2","2021-08-26 08:59:27","no_flow",10.3475795950874,"X8"
"EX2","2021-08-18 06:29:00","no_flow",19.8616915328198,"X1"
"EX3","2021-10-20 12:55:00","no_flow",NA,"X5"
"EX65","2021-10-22 11:03:28","no_flow",NA,"X5"
"EX52","2021-09-28 09:51:37","no_flow",22.7604815612308,"X4"
"EX71","2021-08-26 11:26:15","no_flow",15.9564499936404,"X1"
"X1","2021-10-12 10:51:37","flow",9.47741839306895,"X8"
"EX13","2021-10-12 11:51:52","no_flow",5.70846716263943,"X7"
"EX3","2021-09-21 09:15:46","no_flow",13.1677405992197,"X2"
"EX36","2021-10-22 11:13:00","wt",17.2040305121971,"X1"
"X1","2021-09-18 11:04:35","flow",17.4923369345526,"X1"
"X12","2021-09-21 09:37:51","no_flow",NA,"X3"
"EX13","2021-09-21 09:49:10","wt",18.881449696811,"X1"
"EX2","2021-09-21 09:16:15","no_flow",18.9600787210898,"X1"
"X3","2021-07-28 11:15:35","flow",32.8145127990108,"X4"
"X11","2021-09-03 09:37:05","wt",24.4064491361333,"X4"
"EX14","2021-10-12 11:53:00","no_flow",3.08225775172818,"X3"
"X14","2021-08-06 11:52:22","flow",2.11774172057514,"X3"
"EX49","2021-09-21 11:58:22","flow",10.2374989610972,"X8"
"X4","2021-09-03 09:47:35","wt",6.14354776364868,"X7"
"EX45","2021-10-22 09:47:28","no_flow",NA,"X3"
"EX6","2021-06-02 10:53:24","no_flow",14.0379018012382,"X2"
"EX43","2021-09-03 09:36:38","no_flow",6.13306389374484,"X7"
"EX35","2021-06-11 08:58:43","no_flow",14.6826598003242,"X2"
"EX22","2021-08-06 10:26:09","flow",12.4653213156626,"X8"
"EX34","2021-08-18 08:50:21","no_flow",11.4012085204231,"X8"
"EX67","2021-07-23 08:46:48","no_flow",24.0290298195952,"X4"
"X1","2021-08-22 09:19:39","flow",4.96411239946698,"X7"
"X12","2021-10-19 11:08:05","no_flow",11.8100794466728,"X2"
"EX10","2021-08-18 08:02:08","no_flow",5.2786284965821,"X7"
"EX43","2021-08-10 11:46:52","no_flow",16.7165305616686,"X1"
"EX25","2021-07-23 07:55:24","wt",3.3705641740837,"X7"
"EX8","2021-08-26 09:14:54","no_flow",15.9407241887847,"X1"
"EX27","2021-09-28 09:47:45","no_flow",9.33588614936714,"X8"
"EX1","2021-08-26 08:55:38","no_flow",NA,"X3"
"EX3","2021-10-12 12:17:29","no_flow",9.47741839306895,"X8"
"EX51","2021-08-10 11:25:49","no_flow",16.7951595859474,"X1"
"EX47","2021-10-12 12:59:27","wt",14.5568533614781,"X1"
"EX14","2021-09-15 10:50:38","no_flow",9.24153132023261,"X8"
"X6","2021-09-02 12:43:01","flow",12.8165309574411,"X2"
"EX59","2021-07-23 09:06:41","wt",NA,"X6"
"X1","2021-08-06 12:17:55","flow",NA,"X5"
"X14","2021-10-19 08:52:00","flow",NA,"X5"
"EX44","2021-09-18 12:32:53","flow",17.2249982520047,"X1"
"EX45","2021-10-22 09:47:28","no_flow",5.93911230052385,"X7"
"EX22","2021-10-22 09:07:33","flow",9.9701602785493,"X8"
"EX34","2021-08-06 12:54:54","no_flow",21.3189494494532,"X1"
"EX32","2021-09-21 13:03:23","wt",NA,"X4"
"EX46","2021-08-10 11:23:58","no_flow",16.821369260707,"X1"
"EX23","2021-10-20 13:22:51","no_flow",5.3362897810532,"X7"
"EX43","2021-06-11 09:38:54","no_flow",21.3451591242128,"X4"
"EX10","2021-10-20 13:14:01","no_flow",1.45201598168147,"X6"
"EX14","2021-09-15 10:50:38","no_flow",14.567337231382,"X1"
"EX1","2021-09-21 09:13:37","no_flow",6.46330579571571,"X7"
"EX7","2021-09-28 09:19:07","no_flow",13.9487889070556,"X1"
"EX52","2021-07-23 09:18:43","no_flow",NA,"X6"
"EX1","2021-10-13 09:55:13","flow",32.3112870436267,"X1"
"EX17","2021-08-10 09:24:49","wt",NA,"X5"
"EX43","2021-09-21 12:48:27","no_flow",NA,"X3"
"EX50","2021-10-22 09:57:18","flow",5.94435423547577,"X7"
"EX51","2021-09-21 12:05:08","no_flow",NA,"X3"
"EX57","2021-08-06 11:33:54","flow",14.1584663051323,"X2"
"EX71","2021-10-20 12:48:54","no_flow",NA,"X5"
"EX42","2021-09-18 12:32:13","no_flow",6.15927356850443,"X7"
"EX16","2021-09-28 09:26:26","no_flow",1.9657256069695,"X6"
"EX23","2021-09-07 08:36:56","no_flow",3.85806412461214,"X7"
"X1","2021-09-03 11:49:52","flow",10.5782247329719,"X8"
"EX35","2021-10-20 12:41:47","no_flow",NA,"X5"
"EX25","2021-09-15 11:22:12","no_flow",22.6608847971444,"X4"
"X9","2021-10-22 09:36:17","flow",NA,"X5"
"EX72","2021-08-26 12:32:08","no_flow",12.564918079749,"X2"
"EX52","2021-10-13 10:32:54","wt",5.47258008980309,"X3"
"EX43","2021-09-28 10:14:55","no_flow",NA,"X5"
"X7","2021-08-26 09:51:38","no_flow",15.9459661237366,"X1"
"EX12","2021-10-20 13:29:01","no_flow",14.1374985653246,"X1"
"X10","2021-08-26 11:29:01","wt",4.48709631884238,"X7"
"EX14","2021-10-13 09:34:23","flow",32.6624966854052,"X1"
"EX65","2021-07-23 08:43:00","no_flow",24.0342717545471,"X4"
"X5","2021-09-08 08:42:18","no_flow",22.9282234796922,"X4"
"EX72","2021-09-07 10:37:34","no_flow",2.99314485754556,"X3"
"EX15","2021-09-07 08:02:34","no_flow",13.8754018177287,"X1"
"EX2","2021-10-12 12:16:57","no_flow",1.47822565644106,"X6"
"EX4","2021-10-22 08:10:22","no_flow",17.3036272762835,"X1"
"EX68","2021-09-15 13:04:30","flow",14.6983856051799,"X1"
"EX51","2021-10-13 11:48:02","flow",29.6745937628116,"X1"
"EX31","2021-10-13 12:39:31","flow",26.5661263363238,"X4"
"EX44","2021-09-15 12:13:52","no_flow",NA,"X5"
"EX72","2021-10-12 12:48:15","no_flow",9.44072484840552,"X8"
"EX13","2021-09-15 10:50:00","no_flow",22.624191252481,"X4"
"EX70","2021-07-23 08:02:30","no_flow",NA,"X5"
"EX62","2021-08-26 13:48:49","no_flow",NA,"X5"
"EX43","2021-09-15 12:11:50","no_flow",14.7245952799395,"X1"
"X12","2021-10-13 12:32:22","no_flow",4.99556400917849,"X3"
"EX48","2021-08-10 11:23:02","no_flow",NA,"X6"
"EX41","2021-09-03 09:39:33","wt",NA,"X5"
"EX15","2021-09-28 09:24:48","no_flow",9.3254022794633,"X8"
"EX33","2021-10-20 12:40:21","no_flow",5.34677365095704,"X7"
"X1","2021-09-18 11:04:35","flow",3.54354802749702,"X3"
"EX36","2021-09-15 12:06:51","no_flow",9.31491840955947,"X8"
"X10","2021-10-22 11:15:28","flow",24.3487878516622,"X4"
"EX41","2021-09-28 10:12:20","no_flow",NA,"X5"
"EX8","2021-09-07 08:07:40","no_flow",23.0645137884421,"X4"
"EX19","2021-09-28 09:34:33","no_flow",11.8362891214323,"X2"
"EX56","2021-08-06 11:00:58","flow",2.22782235456543,"X3"
"X3","2021-06-11 10:48:55","flow",19.0387077453686,"X1"
"EX62","2021-08-18 10:06:50","no_flow",11.3802407806154,"X8"
"X14","2021-08-12 11:45:20","flow",25.0983845497866,"X4"
"EX34","2021-07-23 08:12:13","no_flow",1.74556433898892,"X3"
"EX70","2021-10-22 11:22:23","no_flow",NA,"X3"
"EX56","2021-09-21 11:07:09","no_flow",2.34838685845956,"X6"
"EX44","2021-06-11 09:43:23","flow",12.1298374787398,"X8"
"EX5","2021-08-10 08:46:25","no_flow",1.67741918461397,"X3"
"EX68","2021-10-12 11:00:09","flow",5.71370909759135,"X7"
"EX56","2021-10-13 10:34:15","flow",3.66935446634307,"X6"
"EX49","2021-09-18 12:45:18","flow",6.11733808888908,"X7"
"X3","2021-10-12 11:03:22","flow",1.47822565644106,"X6"
"X9","2021-08-06 11:36:12","flow",NA,"X6"
"X15","2021-10-06 12:12:34","flow",25.716932874113,"X4"
"EX67","2021-10-12 11:01:05","wt",3.08225775172818,"X3"
"EX29","2021-10-20 13:32:43","no_flow",9.58225709210732,"X8"
"EX10","2021-09-28 09:42:37","no_flow",1.93427399725799,"X6"
"EX1","2021-10-12 12:17:21","no_flow",1.47822565644106,"X6"
"EX60","2021-09-03 10:00:49","wt",24.427416875941,"X4"
"EX66","2021-08-18 09:17:43","flow",14.0379018012382,"X2"
"EX23","2021-09-28 09:38:03","no_flow",11.8258052515285,"X2"
"EX11","2021-08-06 10:49:13","wt",22.0004009932026,"X1"
"EX61","2021-09-07 09:14:39","no_flow",11.8520149262881,"X2"
"X4","2021-09-07 10:40:07","no_flow",NA,"X5"
"EX33","2021-09-03 09:26:40","wt",1.92903206230607,"X6"
"EX32","2021-10-22 11:18:00","wt",NA,"X5"
"EX46","2021-08-06 12:02:49","no_flow",5.70322522768751,"X7"
"X1","2021-09-27 11:23:31","flow",3.0036287274494,"X3"
"X4","2021-08-18 09:22:00","flow",11.3749988456635,"X8"
"X8","2021-09-02 13:08:30","wt",NA,"X5"
"X3","2021-10-22 10:57:33","flow",17.2145143821009,"X1"
"EX9","2021-07-23 07:15:00","no_flow",24.1443523885374,"X4"
"EX7","2021-10-22 08:12:28","no_flow",NA,"X3"
"EX1","2021-09-21 09:13:37","no_flow",10.310886050424,"X8"
"X15","2021-09-15 12:32:29","wt",2.72580617499771,"X6"
"X12","2021-09-18 11:58:44","no_flow",NA,"X5"
"EX4","2021-10-12 12:16:34","no_flow",5.70322522768751,"X7"
"EX22","2021-10-12 12:30:34","no_flow",9.45645065326127,"X8"
"X2","2021-10-13 11:54:21","flow",3.55403189740086,"X6"
"EX38","2021-06-11 09:03:49","wt",NA,"X3"
"EX34","2021-10-12 13:22:00","no_flow",1.46249985158531,"X6"
"EX37","2021-10-22 11:12:57","no_flow",NA,"X3"
"EX42","2021-10-12 13:13:50","no_flow",3.0612900119205,"X3"
"EX2","2021-09-15 10:56:16","no_flow",NA,"X5"
"EX28","2021-06-02 12:52:51","no_flow",14.0169340614305,"X2"
"EX34","2021-08-06 12:54:54","no_flow",NA,"X6"
"X14","2021-08-12 11:45:20","flow",NA,"X6"
"X6","2021-07-28 07:41:08","flow",NA,"X3"
"EX61","2021-09-03 10:02:43","no_flow",24.427416875941,"X4"
"EX31","2021-10-13 12:39:31","flow",NA,"X5"
"EX61","2021-09-03 10:02:43","no_flow",12.5124987302299,"X2"
"EX51","2021-09-21 12:05:08","no_flow",18.8290303472918,"X1"
"EX69","2021-10-13 10:24:54","wt",27.263303684929,"X4"
"X12","2021-07-28 10:27:27","no_flow",NA,"X5"
"EX52","2021-09-18 13:12:20","no_flow",17.2145143821009,"X1"
"EX50","2021-08-10 11:20:48","flow",4.93790272470738,"X7"
"EX42","2021-07-23 08:35:54","no_flow",10.4995957086931,"X8"
"EX15","2021-08-06 09:41:12","flow",12.4653213156626,"X8"
"EX63","2021-08-26 12:49:36","flow",12.5544342098452,"X2"
"EX66","2021-10-13 11:55:32","flow",7.95201532206061,"X7"
"X4","2021-09-07 10:40:07","no_flow",9.90201512417436,"X8"
"EX54","2021-10-22 09:23:43","wt",12.6592729088836,"X2"
"EX16","2021-09-18 11:38:51","no_flow",6.18548324326403,"X7"
"EX5","2021-09-18 11:44:28","no_flow",3.39153191389138,"X3"
"EX40","2021-10-22 11:09:08","wt",24.3749975264218,"X4"
"X4","2021-09-21 12:17:56","flow",13.146772859412,"X2"
"EX41","2021-09-21 12:34:03","flow",6.34274129182158,"X7"
"X15","2021-09-15 12:32:29","wt",14.6721759304203,"X1"
"EX54","2021-08-10 10:04:36","no_flow",5.05846722860151,"X7"
"EX32","2021-09-21 13:03:23","wt",NA,"X5"
"X14","2021-09-01 12:54:41","flow",10.7774182611448,"X8"
"X6","2021-07-23 07:50:55","no_flow",14.4205630527282,"X1"
"EX17","2021-08-18 07:16:33","wt",NA,"X6"
"X7","2021-09-02 13:15:37","wt",12.8217728923931,"X2"
"EX54","2021-09-15 11:30:20","no_flow",2.70483843519003,"X6"
"EX10","2021-07-23 07:27:57","no_flow",10.5153215135488,"X8"
"EX17","2021-09-07 08:46:38","no_flow",3.85282218966022,"X7"
"EX70","2021-08-26 11:25:32","no_flow",NA,"X6"
"EX4","2021-09-21 09:19:38","no_flow",10.310886050424,"X8"
"EX46","2021-08-10 11:23:58","no_flow",26.1834650848337,"X4"
"X12","2021-08-18 08:01:18","no_flow",5.2786284965821,"X7"
"EX38","2021-10-12 13:18:07","wt",12.2399181127301,"X2"
"EX68","2021-10-20 12:24:36","flow",1.45725791663339,"X6"
"EX40","2021-10-22 11:09:08","wt",1.52540307100833,"X6"
"EX38","2021-08-18 09:01:00","no_flow",19.5629012405605,"X1"
"EX21","2021-08-26 10:10:35","no_flow",10.441934424222,"X8"
"X6","2021-08-26 10:31:04","wt",4.65483823730378,"X7"
"EX49","2021-07-23 08:51:41","flow",3.27620934494917,"X7"
"EX51","2021-08-18 09:34:33","flow",NA,"X6"
"EX38","2021-09-15 12:08:02","no_flow",2.70483843519003,"X6"
"X13","2021-07-20 10:21:17","flow",4.24596731105412,"X7"
"EX39","2021-07-23 08:32:00","no_flow",NA,"X5"
"X13","2021-07-27 07:48:12","flow",NA,"X5"
"EX16","2021-09-21 09:25:21","wt",6.42137031610037,"X7"
"EX31","2021-09-21 13:04:47","no_flow",18.7241916482535,"X1"
"EX50","2021-09-03 09:50:06","wt",24.4064491361333,"X4"
"X6","2021-09-15 11:25:37","no_flow",9.30443453965563,"X8"
"EX5","2021-08-18 06:30:13","wt",NA,"X5"
"EX9","2021-08-10 08:40:14","no_flow",5.08991883831302,"X7"
"EX23","2021-09-21 10:09:33","no_flow",NA,"X3"
"EX45","2021-08-18 09:31:43","no_flow",NA,"X3"
"EX6","2021-10-12 12:19:54","no_flow",3.06653194687242,"X3"
"EX50","2021-10-12 12:55:24","flow",23.3895137554611,"X4"
"EX62","2021-10-13 11:19:09","no_flow",26.9854811324773,"X4"
"EX23","2021-09-15 11:11:58","no_flow",11.5217730243172,"X2"
"EX60","2021-09-18 12:54:40","flow",6.10685421898525,"X7"
"X1","2021-10-13 12:03:46","flow",3.5383060925451,"X6"
"EX5","2021-08-10 08:46:25","no_flow",26.2044328246414,"X4"
"EX52","2021-09-28 09:51:37","no_flow",NA,"X5"
"EX58","2021-10-12 12:48:01","no_flow",23.3685460156534,"X4"
"X8","2021-07-23 07:23:50","no_flow",14.4782243371994,"X1"
"EX60","2021-10-22 09:42:34","flow",24.359271721566,"X4"
"EX51","2021-09-18 12:47:56","wt",10.5939505378276,"X8"
"EX66","2021-09-15 13:04:09","flow",9.27822486489604,"X8"
"EX38","2021-10-22 11:12:35","wt",9.92822479893395,"X8"
"EX31","2021-09-03 09:23:59","no_flow",12.5911277545086,"X2"
"X11","2021-10-22 11:06:01","wt",17.1516111626779,"X1"
"X1","2021-07-28 11:04:58","flow",NA,"X5"
"EX42","2021-09-21 12:40:39","no_flow",NA,"X4"
"X1","2021-09-27 11:23:31","flow",9.37257969403057,"X8"
"X1","2021-08-06 12:17:55","flow",14.0903211507574,"X2"
"X10","2021-07-23 08:10:54","wt",3.30766095466068,"X7"
"EX7","2021-10-20 13:00:13","no_flow",11.7262084874421,"X2"
"EX5","2021-08-18 06:30:13","wt",11.5008052845096,"X8"
"EX66","2021-10-13 11:55:32","flow",15.7467725955637,"X2"
"EX40","2021-09-03 09:31:49","wt",12.5754019496529,"X2"
"EX4","2021-08-10 08:48:17","no_flow",5.09516077326494,"X7"
"EX45","2021-08-10 11:23:44","no_flow",16.821369260707,"X1"
"EX7","2021-07-23 07:16:32","no_flow",10.5205634485008,"X8"
"EX37","2021-09-21 12:55:17","no_flow",10.2060473513856,"X8"
"EX20","2021-10-13 10:18:32","flow",16.2971757655151,"X2"
"EX37","2021-06-11 09:01:59","no_flow",12.1298374787398,"X8"
"EX44","2021-10-22 11:03:53","flow",NA,"X3"
"EX8","2021-07-23 07:15:54","no_flow",10.5205634485008,"X8"
"EX15","2021-09-15 11:00:49","no_flow",NA,"X5"
"EX28","2021-09-28 09:46:59","no_flow",22.7762073660866,"X4"
"EX3","2021-09-28 09:21:13","no_flow",11.8887084709515,"X2"
"EX1","2021-06-02 10:42:15","no_flow",NA,"X5"
"X9","2021-09-07 09:11:20","no_flow",11.8520149262881,"X2"
"EX35","2021-10-13 12:19:28","flow",3.49112867797783,"X6"
"EX5","2021-09-15 10:56:34","no_flow",2.32217718369997,"X6"
"EX38","2021-10-22 11:12:35","wt",NA,"X3"
"EX14","2021-08-10 09:18:06","no_flow",NA,"X6"
"EX61","2021-10-22 09:32:39","no_flow",17.335078885995,"X1"
"X7","2021-09-03 08:55:48","wt",10.5991924727795,"X8"
"EX53","2021-08-10 10:02:47","no_flow",12.9999986807583,"X2"
"EX40","2021-09-03 09:31:49","wt",15.3798371489294,"X1"
"EX70","2021-10-22 11:22:23","no_flow",24.3330620468064,"X4"
"EX47","2021-08-18 09:33:53","flow",26.0524167110358,"X4"
"EX13","2021-09-21 09:49:10","wt",NA,"X4"
"EX66","2021-09-07 10:46:25","wt",3.02459646725707,"X3"
"EX57","2021-09-18 13:05:29","wt",2.2749997691327,"X6"
"EX42","2021-06-11 09:34:58","no_flow",14.6669339954684,"X2"
"EX15","2021-10-22 08:17:38","wt",12.6697567787874,"X2"
"EX28","2021-10-13 10:26:07","flow",31.6979806542522,"X1"
"EX27","2021-08-06 10:55:32","flow",12.4024180962396,"X8"
"X1","2021-09-21 13:13:07","flow",13.1362889895082,"X2"
"EX11","2021-10-12 12:31:39","no_flow",5.51451556941844,"X7"
"EX65","2021-10-13 12:05:37","flow",15.7677403353713,"X2"
"EX59","2021-09-28 09:57:28","no_flow",1.9657256069695,"X6"
"EX63","2021-08-06 11:29:57","flow",5.69798329273559,"X7"
"EX43","2021-09-21 12:48:27","no_flow",NA,"X4"
"EX7","2021-07-23 07:16:32","no_flow",1.75604820889275,"X3"
"X6","2021-10-12 12:37:51","no_flow",12.2346761777782,"X2"
"EX60","2021-08-18 09:50:59","flow",26.0157231663723,"X4"
"EX54","2021-10-12 12:41:13","no_flow",9.44072484840552,"X8"
"EX34","2021-09-21 12:59:50","no_flow",NA,"X4"
"EX35","2021-08-06 12:45:53","no_flow",NA,"X6"
"X15","2021-09-15 12:32:29","wt",9.25725712508836,"X8"
"EX59","2021-08-26 12:40:02","flow",NA,"X3"
"EX50","2021-08-26 12:28:05","flow",4.51854792855389,"X7"
"EX42","2021-10-12 13:13:50","no_flow",23.3633040807015,"X4"
"EX22","2021-09-28 09:36:30","no_flow",11.8258052515285,"X2"
"EX27","2021-08-26 10:28:39","no_flow",NA,"X5"
"X2","2021-10-15 12:12:30","flow",12.5282245350856,"X2"
"EX2","2021-09-03 09:15:57","no_flow",10.6201602125872,"X8"
"EX29","2021-09-07 08:23:54","no_flow",3.8475802547083,"X7"
"EX41","2021-09-03 09:39:33","wt",10.6096763426834,"X8"
"EX34","2021-09-07 11:31:00","no_flow",23.069755723394,"X4"
"EX50","2021-10-20 14:00:58","wt",9.54556354744389,"X8"
"EX42","2021-08-18 09:09:29","no_flow",26.0576586459877,"X4"
"EX12","2021-10-20 13:29:01","no_flow",3.19233838571847,"X3"
"EX39","2021-07-23 08:32:00","no_flow",1.75604820889275,"X3"
"EX56","2021-07-23 09:21:08","wt",12.3342729418646,"X2"
"EX63","2021-08-18 10:03:41","flow",NA,"X3"
"EX30","2021-10-13 10:34:45","flow",5.47258008980309,"X3"
"EX33","2021-10-20 12:40:21","no_flow",11.6999988126825,"X2"
"EX61","2021-10-20 13:46:02","no_flow",14.2633050041707,"X1"
"EX17","2021-09-03 09:02:57","wt",12.502014860326,"X2"
"X14","2021-08-18 09:36:47","flow",5.07943496840919,"X7"
"X12","2021-09-21 09:37:51","no_flow",NA,"X5"
"EX22","2021-10-20 13:25:57","no_flow",3.19233838571847,"X3"
"X14","2021-09-03 09:51:40","flow",3.19233838571847,"X3"
"EX18","2021-08-06 09:51:47","flow",NA,"X5"
"X11","2021-09-21 12:43:47","wt",2.31693524874805,"X6"
"EX26","2021-09-15 11:27:27","no_flow",9.30443453965563,"X8"
"EX67","2021-07-23 08:46:48","no_flow",NA,"X5"
"EX65","2021-10-22 11:03:28","no_flow",17.1778208374375,"X1"
"EX28","2021-09-18 12:12:48","wt",2.36935459826724,"X6"
"X15","2021-09-01 12:17:54","wt",13.0681438351332,"X2"
"EX43","2021-10-20 12:36:27","no_flow",5.34677365095704,"X7"
"X2","2021-07-28 11:41:34","flow",8.27701528907957,"X7"
"EX40","2021-08-18 09:03:37","flow",5.01128981403424,"X7"
"X11","2021-08-26 11:48:58","wt",10.3999989446066,"X8"
"EX47","2021-09-15 12:09:51","wt",22.6713686670482,"X4"
"EX57","2021-08-06 11:33:54","flow",12.3499987467204,"X8"
"EX43","2021-09-28 10:14:55","no_flow",11.8782246010477,"X2"
"EX2","2021-09-21 09:16:15","no_flow",NA,"X5"
"EX61","2021-09-15 12:43:13","no_flow",14.6826598003242,"X1"
"EX31","2021-10-20 12:48:03","no_flow",11.7366923573459,"X2"
"X2","2021-09-03 09:41:00","wt",12.564918079749,"X2"
"EX55","2021-09-28 09:54:01","no_flow",11.8782246010477,"X2"
"EX4","2021-10-12 12:16:34","no_flow",1.47822565644106,"X6"
"EX66","2021-10-13 11:55:32","flow",NA,"X5"
"X8","2021-09-28 09:26:29","no_flow",22.7814493010385,"X4"
"EX8","2021-09-18 11:41:09","no_flow",2.36411266331532,"X6"
"EX49","2021-07-23 08:51:41","flow",NA,"X6"
"X10","2021-09-28 08:29:42","no_flow",NA,"X5"
"X1","2021-09-28 12:19:48","flow",5.25766075677442,"X7"
"X9","2021-10-20 13:49:57","wt",3.2028222556223,"X3"
"EX27","2021-09-07 08:24:59","no_flow",11.8939504059035,"X2"
"EX63","2021-07-23 09:13:53","wt",NA,"X6"
"X14","2021-09-03 09:51:40","flow",6.13306389374484,"X7"
"EX11","2021-10-13 10:23:34","flow",31.8028193532905,"X1"
"EX73","2021-07-23 09:33:08","no_flow",NA,"X5"
"EX65","2021-08-06 12:25:36","no_flow",21.3451591242128,"X1"
"EX21","2021-10-12 13:45:30","no_flow",3.05604807696858,"X3"
"EX7","2021-09-28 09:19:07","no_flow",9.3254022794633,"X8"
"EX23","2021-09-07 08:36:56","no_flow",23.0383041136825,"X4"
"EX30","2021-10-20 13:44:19","wt",1.41008050206612,"X6"
"EX55","2021-10-20 13:43:14","no_flow",5.33104784610128,"X7"
"X7","2021-09-15 11:13:23","no_flow",22.6556428621925,"X4"
"EX42","2021-09-28 10:13:03","no_flow",2.97217711773788,"X3"
"EX53","2021-06-02 13:17:08","no_flow",4.61814469264034,"X7"
"EX22","2021-10-22 09:07:33","flow",5.88669295100466,"X7"
"EX5","2021-09-18 11:44:28","no_flow",10.5100795785969,"X8"
"EX37","2021-06-11 09:01:59","no_flow",NA,"X5"
"EX58","2021-09-18 12:52:56","no_flow",2.26451589922886,"X6"
"X15","2021-08-12 11:28:55","wt",10.2532247659529,"X8"
"EX12","2021-07-23 07:47:10","no_flow",12.3604826166242,"X2"
"EX8","2021-08-26 09:14:54","no_flow",10.3580634649913,"X8"
"EX6","2021-06-02 10:53:24","no_flow",NA,"X5"
"EX41","2021-10-20 12:32:23","no_flow",3.26048354009341,"X3"
"EX62","2021-09-03 10:03:13","no_flow",10.5729827980199,"X8"
"EX48","2021-08-06 11:53:46","wt",2.11774172057514,"X3"
"EX33","2021-07-23 08:12:41","wt",14.5254017517666,"X1"
"EX9","2021-09-03 09:10:45","no_flow",1.95524173706566,"X6"
"EX41","2021-10-20 12:32:23","no_flow",5.33104784610128,"X7"
"EX7","2021-09-21 09:11:41","no_flow",NA,"X5"
"EX9","2021-06-02 11:12:31","no_flow",18.3467723317153,"X4"
"EX52","2021-09-15 11:29:40","no_flow",NA,"X5"
"EX53","2021-09-28 09:51:59","no_flow",11.8782246010477,"X2"
"X2","2021-08-06 12:16:29","flow",5.65080587816832,"X7"
"EX54","2021-08-26 11:21:50","no_flow",10.4157247494624,"X8"
"X14","2021-06-11 10:56:25","no_flow",21.2796349373138,"X4"
"X13","2021-08-26 10:00:14","wt",12.6068535593644,"X2"
"EX44","2021-08-06 12:27:26","flow",14.0955630857093,"X2"
"EX20","2021-10-13 10:18:32","flow",8.39233785802178,"X7"
"EX47","2021-09-18 12:47:20","wt",12.9685470710468,"X2"
"X5","2021-09-02 08:06:36","wt",10.4943537737412,"X8"
"X2","2021-09-02 12:08:33","flow",16.7532241063321,"X1"
"EX67","2021-07-23 08:46:48","no_flow",10.5258053834527,"X8"
"EX72","2021-08-18 09:41:43","no_flow",NA,"X5"
"X5","2021-09-02 08:06:36","wt",2.12298365552706,"X3"
"EX27","2021-10-22 09:18:28","no_flow",12.6645148438355,"X2"
"EX70","2021-08-06 13:03:32","no_flow",14.0693534109497,"X2"
"EX50","2021-09-28 10:01:09","wt",22.7604815612308,"X4"
"X4","2021-08-10 11:01:31","flow",NA,"X6"
"EX44","2021-10-12 13:14:44","wt",12.2504019826339,"X2"
"EX55","2021-09-15 12:48:33","no_flow",9.2677409949922,"X8"
"EX13","2021-08-06 10:18:07","no_flow",2.25927396427694,"X3"
"EX22","2021-08-18 07:32:35","flow",NA,"X3"
"EX29","2021-07-23 07:47:21","no_flow",24.0709652992105,"X4"
"EX5","2021-08-26 09:03:41","no_flow",10.3685473348951,"X8"
"X3","2021-10-15 12:25:57","flow",6.25887033259089,"X7"
"EX1","2021-10-12 12:17:21","no_flow",23.3737879506053,"X4"
"EX59","2021-09-07 10:40:04","no_flow",9.90201512417436,"X8"
"EX65","2021-09-07 11:18:03","no_flow",23.069755723394,"X4"
"EX29","2021-09-21 10:14:35","no_flow",18.7870948676765,"X1"
"EX56","2021-09-18 13:07:32","wt",17.1883047073413,"X1"
"EX32","2021-09-18 12:22:51","wt",17.3193530811393,"X1"
"EX27","2021-09-18 12:15:16","flow",2.39032233807491,"X6"
"EX10","2021-09-18 11:59:05","no_flow",17.3455627558989,"X1"
"EX12","2021-07-23 07:47:10","no_flow",10.5467731232604,"X8"
"EX54","2021-10-12 12:41:13","no_flow",1.45725791663339,"X6"
"EX48","2021-09-07 10:16:28","no_flow",3.77943510033336,"X7"
"EX6","2021-09-21 09:26:18","no_flow",10.3056441154721,"X8"
